{
	"credit": "Made with Blockbench",
	"textures": {
		"4": "custom/cube2",
		"5": "custom/cube2_bottom",
		"6": "custom/cube2_side",
		"7": "custom/cube2_top",
		"8": "custom/stone_parts",
		"particle": "custom/stone_parts"
	},
	"elements": [
		{
			"from": [2, 2, 2],
			"to": [14, 14, 14],
			"shade": false,
			"faces": {
				"north": {"uv": [5, 5, 11, 11], "texture": "#4"},
				"east": {"uv": [5, 5, 11, 11], "texture": "#4"},
				"south": {"uv": [5, 5, 11, 11], "texture": "#4"},
				"west": {"uv": [5, 5, 11, 11], "texture": "#4"},
				"up": {"uv": [5, 5, 11, 11], "texture": "#4"},
				"down": {"uv": [5, 5, 11, 11], "texture": "#4"}
			}
		},
		{
			"from": [11, 9, 0],
			"to": [15, 15, 2],
			"shade": false,
			"faces": {
				"north": {"uv": [1, 1, 5, 7], "texture": "#4"},
				"east": {"uv": [2, 2, 4, 6], "texture": "#4"},
				"south": {"uv": [2, 5, 4, 9], "texture": "#4"},
				"west": {"uv": [2, 3, 4, 5], "texture": "#6"},
				"up": {"uv": [2, 2, 6, 4], "texture": "#7"},
				"down": {"uv": [2, 2, 4, 4], "texture": "#5"}
			}
		},
		{
			"from": [0, 9, 1],
			"to": [2, 15, 5],
			"shade": false,
			"faces": {
				"north": {"uv": [2, 2, 4, 6], "texture": "#4"},
				"east": {"uv": [2, 5, 4, 9], "texture": "#4"},
				"south": {"uv": [2, 3, 4, 5], "texture": "#6"},
				"west": {"uv": [1, 1, 5, 7], "texture": "#6"},
				"up": {"uv": [2, 2, 6, 4], "rotation": 270, "texture": "#7"},
				"down": {"uv": [2, 2, 4, 4], "rotation": 90, "texture": "#5"}
			}
		},
		{
			"from": [11, 9, 14],
			"to": [15, 15, 16],
			"shade": false,
			"faces": {
				"north": {"uv": [1, 1, 5, 7], "texture": "#6"},
				"east": {"uv": [2, 2, 4, 6], "texture": "#4"},
				"south": {"uv": [11, 1, 15, 7], "texture": "#6"},
				"west": {"uv": [2, 3, 4, 5], "texture": "#6"},
				"up": {"uv": [2, 2, 6, 4], "texture": "#7"},
				"down": {"uv": [2, 2, 4, 4], "texture": "#5"}
			}
		},
		{
			"from": [14, 9, 1],
			"to": [16, 15, 5],
			"shade": false,
			"faces": {
				"north": {"uv": [2, 2, 4, 6], "texture": "#4"},
				"east": {"uv": [11, 1, 15, 7], "texture": "#4"},
				"south": {"uv": [2, 3, 4, 5], "texture": "#6"},
				"west": {"uv": [1, 1, 5, 7], "texture": "#4"},
				"up": {"uv": [2, 2, 6, 4], "rotation": 270, "texture": "#7"},
				"down": {"uv": [2, 2, 4, 4], "rotation": 90, "texture": "#5"}
			}
		},
		{
			"from": [1, 14, 1],
			"to": [7, 16, 5],
			"shade": false,
			"faces": {
				"north": {"uv": [2, 2, 4, 6], "rotation": 90, "texture": "#4"},
				"east": {"uv": [2, 2, 4, 4], "texture": "#4"},
				"south": {"uv": [2, 3, 4, 5], "rotation": 270, "texture": "#6"},
				"west": {"uv": [2, 3, 4, 5], "rotation": 270, "texture": "#6"},
				"up": {"uv": [11, 1, 15, 7], "rotation": 270, "texture": "#7"},
				"down": {"uv": [1, 1, 5, 7], "rotation": 270, "texture": "#4"}
			}
		},
		{
			"from": [1, 0, 1],
			"to": [7, 2, 5],
			"shade": false,
			"faces": {
				"north": {"uv": [2, 2, 4, 6], "rotation": 90, "texture": "#4"},
				"east": {"uv": [2, 2, 4, 4], "texture": "#4"},
				"south": {"uv": [2, 3, 4, 5], "rotation": 270, "texture": "#6"},
				"west": {"uv": [2, 3, 4, 5], "rotation": 270, "texture": "#6"},
				"up": {"uv": [11, 1, 15, 7], "rotation": 270, "texture": "#7"},
				"down": {"uv": [1, 1, 5, 7], "rotation": 270, "texture": "#5"}
			}
		},
		{
			"from": [1, 9, 0],
			"to": [5, 15, 2],
			"shade": false,
			"faces": {
				"north": {"uv": [11, 1, 15, 7], "texture": "#4"},
				"east": {"uv": [2, 2, 4, 6], "texture": "#4"},
				"south": {"uv": [2, 5, 4, 9], "texture": "#4"},
				"west": {"uv": [2, 3, 4, 5], "texture": "#6"},
				"up": {"uv": [2, 2, 6, 4], "texture": "#7"},
				"down": {"uv": [2, 2, 4, 4], "texture": "#5"}
			}
		},
		{
			"from": [0, 9, 11],
			"to": [2, 15, 15],
			"shade": false,
			"faces": {
				"north": {"uv": [2, 2, 4, 6], "texture": "#4"},
				"east": {"uv": [2, 5, 4, 9], "texture": "#4"},
				"south": {"uv": [2, 3, 4, 5], "texture": "#6"},
				"west": {"uv": [11, 1, 15, 7], "texture": "#6"},
				"up": {"uv": [2, 2, 6, 4], "rotation": 270, "texture": "#7"},
				"down": {"uv": [2, 2, 4, 4], "rotation": 90, "texture": "#5"}
			}
		},
		{
			"from": [1, 9, 14],
			"to": [5, 15, 16],
			"shade": false,
			"faces": {
				"north": {"uv": [11, 1, 15, 7], "texture": "#6"},
				"east": {"uv": [2, 2, 4, 6], "texture": "#4"},
				"south": {"uv": [1, 1, 5, 7], "texture": "#6"},
				"west": {"uv": [2, 3, 4, 5], "texture": "#6"},
				"up": {"uv": [2, 2, 6, 4], "texture": "#7"},
				"down": {"uv": [2, 2, 4, 4], "texture": "#5"}
			}
		},
		{
			"from": [14, 9, 11],
			"to": [16, 15, 15],
			"shade": false,
			"faces": {
				"north": {"uv": [2, 2, 4, 6], "texture": "#4"},
				"east": {"uv": [1, 1, 5, 7], "texture": "#4"},
				"south": {"uv": [2, 3, 4, 5], "texture": "#6"},
				"west": {"uv": [11, 1, 15, 7], "texture": "#4"},
				"up": {"uv": [2, 2, 6, 4], "rotation": 270, "texture": "#7"},
				"down": {"uv": [2, 2, 4, 4], "rotation": 90, "texture": "#5"}
			}
		},
		{
			"from": [1, 14, 11],
			"to": [7, 16, 15],
			"shade": false,
			"faces": {
				"north": {"uv": [2, 2, 4, 6], "rotation": 90, "texture": "#4"},
				"east": {"uv": [2, 2, 4, 4], "texture": "#4"},
				"south": {"uv": [2, 3, 4, 5], "rotation": 270, "texture": "#6"},
				"west": {"uv": [2, 3, 4, 5], "rotation": 270, "texture": "#6"},
				"up": {"uv": [1, 1, 5, 7], "rotation": 270, "texture": "#7"},
				"down": {"uv": [11, 1, 15, 7], "rotation": 270, "texture": "#4"}
			}
		},
		{
			"from": [1, 0, 11],
			"to": [7, 2, 15],
			"shade": false,
			"faces": {
				"north": {"uv": [2, 2, 4, 6], "rotation": 90, "texture": "#4"},
				"east": {"uv": [2, 2, 4, 4], "texture": "#4"},
				"south": {"uv": [2, 3, 4, 5], "rotation": 270, "texture": "#6"},
				"west": {"uv": [2, 3, 4, 5], "rotation": 270, "texture": "#6"},
				"up": {"uv": [1, 1, 5, 7], "rotation": 270, "texture": "#7"},
				"down": {"uv": [11, 1, 15, 7], "rotation": 270, "texture": "#5"}
			}
		},
		{
			"from": [1, 1, 0],
			"to": [5, 7, 2],
			"shade": false,
			"faces": {
				"north": {"uv": [11, 9, 15, 15], "texture": "#4"},
				"east": {"uv": [2, 2, 4, 6], "texture": "#4"},
				"south": {"uv": [2, 5, 4, 9], "texture": "#4"},
				"west": {"uv": [2, 3, 4, 5], "texture": "#6"},
				"up": {"uv": [2, 2, 6, 4], "texture": "#7"},
				"down": {"uv": [2, 2, 4, 4], "texture": "#5"}
			}
		},
		{
			"from": [0, 1, 11],
			"to": [2, 7, 15],
			"shade": false,
			"faces": {
				"north": {"uv": [2, 2, 4, 6], "texture": "#4"},
				"east": {"uv": [2, 5, 4, 9], "texture": "#4"},
				"south": {"uv": [2, 3, 4, 5], "texture": "#6"},
				"west": {"uv": [11, 9, 15, 15], "texture": "#6"},
				"up": {"uv": [2, 2, 6, 4], "rotation": 270, "texture": "#7"},
				"down": {"uv": [2, 2, 4, 4], "rotation": 90, "texture": "#5"}
			}
		},
		{
			"from": [1, 1, 14],
			"to": [5, 7, 16],
			"shade": false,
			"faces": {
				"north": {"uv": [11, 9, 15, 15], "texture": "#6"},
				"east": {"uv": [2, 2, 4, 6], "texture": "#4"},
				"south": {"uv": [1, 9, 5, 15], "texture": "#6"},
				"west": {"uv": [2, 3, 4, 5], "texture": "#6"},
				"up": {"uv": [2, 2, 6, 4], "texture": "#7"},
				"down": {"uv": [2, 2, 4, 4], "texture": "#5"}
			}
		},
		{
			"from": [14, 1, 11],
			"to": [16, 7, 15],
			"shade": false,
			"faces": {
				"north": {"uv": [2, 2, 4, 6], "texture": "#4"},
				"east": {"uv": [1, 9, 5, 15], "texture": "#4"},
				"south": {"uv": [2, 3, 4, 5], "texture": "#6"},
				"west": {"uv": [11, 9, 15, 15], "texture": "#4"},
				"up": {"uv": [2, 2, 6, 4], "rotation": 270, "texture": "#7"},
				"down": {"uv": [2, 2, 4, 4], "rotation": 90, "texture": "#5"}
			}
		},
		{
			"from": [9, 14, 11],
			"to": [15, 16, 15],
			"shade": false,
			"faces": {
				"north": {"uv": [2, 2, 4, 6], "rotation": 90, "texture": "#4"},
				"east": {"uv": [2, 2, 4, 4], "texture": "#4"},
				"south": {"uv": [2, 3, 4, 5], "rotation": 270, "texture": "#6"},
				"west": {"uv": [2, 3, 4, 5], "rotation": 270, "texture": "#6"},
				"up": {"uv": [1, 9, 5, 15], "rotation": 270, "texture": "#7"},
				"down": {"uv": [11, 9, 15, 15], "rotation": 270, "texture": "#4"}
			}
		},
		{
			"from": [9, 0, 11],
			"to": [15, 2, 15],
			"shade": false,
			"faces": {
				"north": {"uv": [2, 2, 4, 6], "rotation": 90, "texture": "#4"},
				"east": {"uv": [2, 2, 4, 4], "texture": "#4"},
				"south": {"uv": [2, 3, 4, 5], "rotation": 270, "texture": "#6"},
				"west": {"uv": [2, 3, 4, 5], "rotation": 270, "texture": "#6"},
				"up": {"uv": [1, 9, 5, 15], "rotation": 270, "texture": "#7"},
				"down": {"uv": [11, 9, 15, 15], "rotation": 270, "texture": "#5"}
			}
		},
		{
			"from": [9, 11, 0],
			"to": [11, 15, 2],
			"shade": false,
			"faces": {
				"north": {"uv": [5, 1, 7, 5], "texture": "#4"},
				"east": {"uv": [2, 2, 4, 6], "texture": "#4"},
				"south": {"uv": [2, 5, 4, 9], "texture": "#4"},
				"west": {"uv": [2, 3, 4, 5], "texture": "#6"},
				"up": {"uv": [2, 2, 6, 4], "texture": "#7"},
				"down": {"uv": [2, 2, 4, 4], "texture": "#5"}
			}
		},
		{
			"from": [0, 11, 5],
			"to": [2, 15, 7],
			"shade": false,
			"faces": {
				"north": {"uv": [2, 2, 4, 6], "texture": "#4"},
				"east": {"uv": [2, 5, 4, 9], "texture": "#4"},
				"south": {"uv": [2, 3, 4, 5], "texture": "#6"},
				"west": {"uv": [5, 1, 7, 5], "texture": "#6"},
				"up": {"uv": [2, 2, 6, 4], "rotation": 270, "texture": "#7"},
				"down": {"uv": [2, 2, 4, 4], "rotation": 90, "texture": "#5"}
			}
		},
		{
			"from": [9, 11, 14],
			"to": [11, 15, 16],
			"shade": false,
			"faces": {
				"north": {"uv": [5, 1, 7, 5], "texture": "#6"},
				"east": {"uv": [2, 2, 4, 6], "texture": "#4"},
				"south": {"uv": [9, 1, 11, 5], "texture": "#6"},
				"west": {"uv": [2, 3, 4, 5], "texture": "#6"},
				"up": {"uv": [2, 2, 6, 4], "texture": "#7"},
				"down": {"uv": [2, 2, 4, 4], "texture": "#5"}
			}
		},
		{
			"from": [14, 11, 5],
			"to": [16, 15, 7],
			"shade": false,
			"faces": {
				"north": {"uv": [2, 2, 4, 6], "texture": "#4"},
				"east": {"uv": [9, 1, 11, 5], "texture": "#4"},
				"south": {"uv": [2, 3, 4, 5], "texture": "#6"},
				"west": {"uv": [5, 1, 7, 5], "texture": "#4"},
				"up": {"uv": [2, 2, 6, 4], "rotation": 270, "texture": "#7"},
				"down": {"uv": [2, 2, 4, 4], "rotation": 90, "texture": "#5"}
			}
		},
		{
			"from": [1, 14, 5],
			"to": [5, 16, 7],
			"shade": false,
			"faces": {
				"north": {"uv": [2, 2, 4, 6], "rotation": 90, "texture": "#4"},
				"east": {"uv": [2, 2, 4, 4], "texture": "#4"},
				"south": {"uv": [2, 3, 4, 5], "rotation": 270, "texture": "#6"},
				"west": {"uv": [2, 3, 4, 5], "rotation": 270, "texture": "#6"},
				"up": {"uv": [9, 1, 11, 5], "rotation": 270, "texture": "#7"},
				"down": {"uv": [5, 1, 7, 5], "rotation": 270, "texture": "#4"}
			}
		},
		{
			"from": [1, 0, 5],
			"to": [5, 2, 7],
			"shade": false,
			"faces": {
				"north": {"uv": [2, 2, 4, 6], "rotation": 90, "texture": "#4"},
				"east": {"uv": [2, 2, 4, 4], "texture": "#4"},
				"south": {"uv": [2, 3, 4, 5], "rotation": 270, "texture": "#6"},
				"west": {"uv": [2, 3, 4, 5], "rotation": 270, "texture": "#6"},
				"up": {"uv": [9, 1, 11, 5], "rotation": 270, "texture": "#7"},
				"down": {"uv": [5, 1, 7, 5], "rotation": 270, "texture": "#5"}
			}
		},
		{
			"from": [5, 11, 0],
			"to": [7, 15, 2],
			"shade": false,
			"faces": {
				"north": {"uv": [9, 1, 11, 5], "texture": "#4"},
				"east": {"uv": [2, 2, 4, 6], "texture": "#4"},
				"south": {"uv": [2, 5, 4, 9], "texture": "#4"},
				"west": {"uv": [2, 3, 4, 5], "texture": "#6"},
				"up": {"uv": [2, 2, 6, 4], "texture": "#7"},
				"down": {"uv": [2, 2, 4, 4], "texture": "#5"}
			}
		},
		{
			"from": [6, 6, 1],
			"to": [10, 10, 15],
			"shade": false,
			"faces": {
				"north": {"uv": [0, 4, 4, 8], "texture": "#8"},
				"east": {"uv": [2, 2, 4, 6], "texture": "#4"},
				"south": {"uv": [0, 8, 4, 12], "texture": "#8"},
				"west": {"uv": [2, 3, 4, 5], "texture": "#6"},
				"up": {"uv": [2, 2, 6, 4], "texture": "#7"},
				"down": {"uv": [2, 2, 4, 4], "texture": "#5"}
			}
		},
		{
			"from": [1, 6, 6],
			"to": [15, 10, 10],
			"shade": false,
			"faces": {
				"north": {"uv": [2, 2, 4, 6], "texture": "#4"},
				"east": {"uv": [0, 4, 4, 8], "texture": "#8"},
				"south": {"uv": [2, 3, 4, 5], "texture": "#6"},
				"west": {"uv": [0, 8, 4, 12], "texture": "#8"},
				"up": {"uv": [2, 2, 6, 4], "rotation": 270, "texture": "#7"},
				"down": {"uv": [2, 2, 4, 4], "rotation": 90, "texture": "#5"}
			}
		},
		{
			"from": [6, 1, 6],
			"to": [10, 15, 10],
			"shade": false,
			"faces": {
				"north": {"uv": [2, 2, 4, 6], "rotation": 90, "texture": "#4"},
				"east": {"uv": [2, 2, 4, 6], "rotation": 90, "texture": "#4"},
				"south": {"uv": [2, 3, 4, 5], "rotation": 90, "texture": "#6"},
				"west": {"uv": [2, 3, 4, 5], "rotation": 270, "texture": "#6"},
				"up": {"uv": [0, 0, 4, 4], "rotation": 90, "texture": "#8"},
				"down": {"uv": [0, 12, 4, 16], "rotation": 90, "texture": "#8"}
			}
		},
		{
			"from": [0, 11, 9],
			"to": [2, 15, 11],
			"shade": false,
			"faces": {
				"north": {"uv": [2, 2, 4, 6], "texture": "#4"},
				"east": {"uv": [2, 5, 4, 9], "texture": "#4"},
				"south": {"uv": [2, 3, 4, 5], "texture": "#6"},
				"west": {"uv": [9, 1, 11, 5], "texture": "#6"},
				"up": {"uv": [2, 2, 6, 4], "rotation": 270, "texture": "#7"},
				"down": {"uv": [2, 2, 4, 4], "rotation": 90, "texture": "#5"}
			}
		},
		{
			"from": [5, 11, 14],
			"to": [7, 15, 16],
			"shade": false,
			"faces": {
				"north": {"uv": [9, 1, 11, 5], "texture": "#6"},
				"east": {"uv": [2, 2, 4, 6], "texture": "#4"},
				"south": {"uv": [5, 1, 7, 5], "texture": "#6"},
				"west": {"uv": [2, 3, 4, 5], "texture": "#6"},
				"up": {"uv": [2, 2, 6, 4], "texture": "#7"},
				"down": {"uv": [2, 2, 4, 4], "texture": "#5"}
			}
		},
		{
			"from": [14, 11, 9],
			"to": [16, 15, 11],
			"shade": false,
			"faces": {
				"north": {"uv": [2, 2, 4, 6], "texture": "#4"},
				"east": {"uv": [5, 1, 7, 5], "texture": "#4"},
				"south": {"uv": [2, 3, 4, 5], "texture": "#6"},
				"west": {"uv": [9, 1, 11, 5], "texture": "#4"},
				"up": {"uv": [2, 2, 6, 4], "rotation": 270, "texture": "#7"},
				"down": {"uv": [2, 2, 4, 4], "rotation": 90, "texture": "#5"}
			}
		},
		{
			"from": [1, 14, 9],
			"to": [5, 16, 11],
			"shade": false,
			"faces": {
				"north": {"uv": [2, 2, 4, 6], "rotation": 90, "texture": "#4"},
				"east": {"uv": [2, 2, 4, 4], "texture": "#4"},
				"south": {"uv": [2, 3, 4, 5], "rotation": 270, "texture": "#6"},
				"west": {"uv": [2, 3, 4, 5], "rotation": 270, "texture": "#6"},
				"up": {"uv": [5, 1, 7, 5], "rotation": 270, "texture": "#7"},
				"down": {"uv": [9, 1, 11, 5], "rotation": 270, "texture": "#4"}
			}
		},
		{
			"from": [1, 0, 9],
			"to": [5, 2, 11],
			"shade": false,
			"faces": {
				"north": {"uv": [2, 2, 4, 6], "rotation": 90, "texture": "#4"},
				"east": {"uv": [2, 2, 4, 4], "texture": "#4"},
				"south": {"uv": [2, 3, 4, 5], "rotation": 270, "texture": "#6"},
				"west": {"uv": [2, 3, 4, 5], "rotation": 270, "texture": "#6"},
				"up": {"uv": [5, 1, 7, 5], "rotation": 270, "texture": "#7"},
				"down": {"uv": [9, 1, 11, 5], "rotation": 270, "texture": "#5"}
			}
		},
		{
			"from": [5, 1, 0],
			"to": [7, 5, 2],
			"shade": false,
			"faces": {
				"north": {"uv": [9, 11, 11, 15], "texture": "#4"},
				"east": {"uv": [2, 2, 4, 6], "texture": "#4"},
				"south": {"uv": [2, 5, 4, 9], "texture": "#4"},
				"west": {"uv": [2, 3, 4, 5], "texture": "#6"},
				"up": {"uv": [2, 2, 6, 4], "texture": "#7"},
				"down": {"uv": [2, 2, 4, 4], "texture": "#5"}
			}
		},
		{
			"from": [0, 1, 9],
			"to": [2, 5, 11],
			"shade": false,
			"faces": {
				"north": {"uv": [2, 2, 4, 6], "texture": "#4"},
				"east": {"uv": [2, 5, 4, 9], "texture": "#4"},
				"south": {"uv": [2, 3, 4, 5], "texture": "#6"},
				"west": {"uv": [9, 11, 11, 15], "texture": "#6"},
				"up": {"uv": [2, 2, 6, 4], "rotation": 270, "texture": "#7"},
				"down": {"uv": [2, 2, 4, 4], "rotation": 90, "texture": "#5"}
			}
		},
		{
			"from": [5, 1, 14],
			"to": [7, 5, 16],
			"shade": false,
			"faces": {
				"north": {"uv": [9, 11, 11, 15], "texture": "#6"},
				"east": {"uv": [2, 2, 4, 6], "texture": "#4"},
				"south": {"uv": [5, 11, 7, 15], "texture": "#6"},
				"west": {"uv": [2, 3, 4, 5], "texture": "#6"},
				"up": {"uv": [2, 2, 6, 4], "texture": "#7"},
				"down": {"uv": [2, 2, 4, 4], "texture": "#5"}
			}
		},
		{
			"from": [14, 1, 9],
			"to": [16, 5, 11],
			"shade": false,
			"faces": {
				"north": {"uv": [2, 2, 4, 6], "texture": "#4"},
				"east": {"uv": [5, 11, 7, 15], "texture": "#4"},
				"south": {"uv": [2, 3, 4, 5], "texture": "#6"},
				"west": {"uv": [9, 11, 11, 15], "texture": "#4"},
				"up": {"uv": [2, 2, 6, 4], "rotation": 270, "texture": "#7"},
				"down": {"uv": [2, 2, 4, 4], "rotation": 90, "texture": "#5"}
			}
		},
		{
			"from": [11, 14, 9],
			"to": [15, 16, 11],
			"shade": false,
			"faces": {
				"north": {"uv": [2, 2, 4, 6], "rotation": 90, "texture": "#4"},
				"east": {"uv": [2, 2, 4, 4], "texture": "#4"},
				"south": {"uv": [2, 3, 4, 5], "rotation": 270, "texture": "#6"},
				"west": {"uv": [2, 3, 4, 5], "rotation": 270, "texture": "#6"},
				"up": {"uv": [5, 11, 7, 15], "rotation": 270, "texture": "#7"},
				"down": {"uv": [9, 11, 11, 15], "rotation": 270, "texture": "#4"}
			}
		},
		{
			"from": [11, 0, 9],
			"to": [15, 2, 11],
			"shade": false,
			"faces": {
				"north": {"uv": [2, 2, 4, 6], "rotation": 90, "texture": "#4"},
				"east": {"uv": [2, 2, 4, 4], "texture": "#4"},
				"south": {"uv": [2, 3, 4, 5], "rotation": 270, "texture": "#6"},
				"west": {"uv": [2, 3, 4, 5], "rotation": 270, "texture": "#6"},
				"up": {"uv": [5, 11, 7, 15], "rotation": 270, "texture": "#7"},
				"down": {"uv": [9, 11, 11, 15], "rotation": 270, "texture": "#5"}
			}
		},
		{
			"from": [9, 1, 0],
			"to": [11, 5, 2],
			"shade": false,
			"faces": {
				"north": {"uv": [5, 11, 7, 15], "texture": "#4"},
				"east": {"uv": [2, 2, 4, 6], "texture": "#4"},
				"south": {"uv": [2, 5, 4, 9], "texture": "#4"},
				"west": {"uv": [2, 3, 4, 5], "texture": "#6"},
				"up": {"uv": [2, 2, 6, 4], "texture": "#7"},
				"down": {"uv": [2, 2, 4, 4], "texture": "#5"}
			}
		},
		{
			"from": [0, 1, 5],
			"to": [2, 5, 7],
			"shade": false,
			"faces": {
				"north": {"uv": [2, 2, 4, 6], "texture": "#4"},
				"east": {"uv": [2, 5, 4, 9], "texture": "#4"},
				"south": {"uv": [2, 3, 4, 5], "texture": "#6"},
				"west": {"uv": [5, 11, 7, 15], "texture": "#6"},
				"up": {"uv": [2, 2, 6, 4], "rotation": 270, "texture": "#7"},
				"down": {"uv": [2, 2, 4, 4], "rotation": 90, "texture": "#5"}
			}
		},
		{
			"from": [9, 1, 14],
			"to": [11, 5, 16],
			"shade": false,
			"faces": {
				"north": {"uv": [5, 11, 7, 15], "texture": "#6"},
				"east": {"uv": [2, 2, 4, 6], "texture": "#4"},
				"south": {"uv": [9, 11, 11, 15], "texture": "#6"},
				"west": {"uv": [2, 3, 4, 5], "texture": "#6"},
				"up": {"uv": [2, 2, 6, 4], "texture": "#7"},
				"down": {"uv": [2, 2, 4, 4], "texture": "#5"}
			}
		},
		{
			"from": [14, 1, 5],
			"to": [16, 5, 7],
			"shade": false,
			"faces": {
				"north": {"uv": [2, 2, 4, 6], "texture": "#4"},
				"east": {"uv": [9, 11, 11, 15], "texture": "#4"},
				"south": {"uv": [2, 3, 4, 5], "texture": "#6"},
				"west": {"uv": [5, 11, 7, 15], "texture": "#4"},
				"up": {"uv": [2, 2, 6, 4], "rotation": 270, "texture": "#7"},
				"down": {"uv": [2, 2, 4, 4], "rotation": 90, "texture": "#5"}
			}
		},
		{
			"from": [11, 14, 5],
			"to": [15, 16, 7],
			"shade": false,
			"faces": {
				"north": {"uv": [2, 2, 4, 6], "rotation": 90, "texture": "#4"},
				"east": {"uv": [2, 2, 4, 4], "texture": "#4"},
				"south": {"uv": [2, 3, 4, 5], "rotation": 270, "texture": "#6"},
				"west": {"uv": [2, 3, 4, 5], "rotation": 270, "texture": "#6"},
				"up": {"uv": [9, 11, 11, 15], "rotation": 270, "texture": "#7"},
				"down": {"uv": [5, 11, 7, 15], "rotation": 270, "texture": "#4"}
			}
		},
		{
			"from": [11, 0, 5],
			"to": [15, 2, 7],
			"shade": false,
			"faces": {
				"north": {"uv": [2, 2, 4, 6], "rotation": 90, "texture": "#4"},
				"east": {"uv": [2, 2, 4, 4], "texture": "#4"},
				"south": {"uv": [2, 3, 4, 5], "rotation": 270, "texture": "#6"},
				"west": {"uv": [2, 3, 4, 5], "rotation": 270, "texture": "#6"},
				"up": {"uv": [9, 11, 11, 15], "rotation": 270, "texture": "#7"},
				"down": {"uv": [5, 11, 7, 15], "rotation": 270, "texture": "#5"}
			}
		},
		{
			"from": [11, 1, 0],
			"to": [15, 7, 2],
			"shade": false,
			"faces": {
				"north": {"uv": [1, 9, 5, 15], "texture": "#4"},
				"east": {"uv": [2, 2, 4, 6], "texture": "#4"},
				"south": {"uv": [2, 5, 4, 9], "texture": "#4"},
				"west": {"uv": [2, 3, 4, 5], "texture": "#6"},
				"up": {"uv": [2, 2, 6, 4], "texture": "#7"},
				"down": {"uv": [2, 2, 4, 4], "texture": "#5"}
			}
		},
		{
			"from": [0, 1, 1],
			"to": [2, 7, 5],
			"shade": false,
			"faces": {
				"north": {"uv": [2, 2, 4, 6], "texture": "#4"},
				"east": {"uv": [2, 5, 4, 9], "texture": "#4"},
				"south": {"uv": [2, 3, 4, 5], "texture": "#6"},
				"west": {"uv": [1, 9, 5, 15], "texture": "#6"},
				"up": {"uv": [2, 2, 6, 4], "rotation": 270, "texture": "#7"},
				"down": {"uv": [2, 2, 4, 4], "rotation": 90, "texture": "#5"}
			}
		},
		{
			"from": [11, 1, 14],
			"to": [15, 7, 16],
			"shade": false,
			"faces": {
				"north": {"uv": [1, 9, 5, 15], "texture": "#6"},
				"east": {"uv": [2, 2, 4, 6], "texture": "#4"},
				"south": {"uv": [11, 9, 15, 15], "texture": "#6"},
				"west": {"uv": [2, 3, 4, 5], "texture": "#6"},
				"up": {"uv": [2, 2, 6, 4], "texture": "#7"},
				"down": {"uv": [2, 2, 4, 4], "texture": "#5"}
			}
		},
		{
			"from": [14, 1, 1],
			"to": [16, 7, 5],
			"shade": false,
			"faces": {
				"north": {"uv": [2, 2, 4, 6], "texture": "#4"},
				"east": {"uv": [11, 9, 15, 15], "texture": "#4"},
				"south": {"uv": [2, 3, 4, 5], "texture": "#6"},
				"west": {"uv": [1, 9, 5, 15], "texture": "#4"},
				"up": {"uv": [2, 2, 6, 4], "rotation": 270, "texture": "#7"},
				"down": {"uv": [2, 2, 4, 4], "rotation": 90, "texture": "#5"}
			}
		},
		{
			"from": [9, 14, 1],
			"to": [15, 16, 5],
			"shade": false,
			"faces": {
				"north": {"uv": [2, 2, 4, 6], "rotation": 90, "texture": "#4"},
				"east": {"uv": [2, 2, 4, 4], "texture": "#4"},
				"south": {"uv": [2, 3, 4, 5], "rotation": 270, "texture": "#6"},
				"west": {"uv": [2, 3, 4, 5], "rotation": 270, "texture": "#6"},
				"up": {"uv": [11, 9, 15, 15], "rotation": 270, "texture": "#7"},
				"down": {"uv": [1, 9, 5, 15], "rotation": 270, "texture": "#4"}
			}
		},
		{
			"from": [9, 0, 1],
			"to": [15, 2, 5],
			"shade": false,
			"faces": {
				"north": {"uv": [2, 2, 4, 6], "rotation": 90, "texture": "#4"},
				"east": {"uv": [2, 2, 4, 4], "texture": "#4"},
				"south": {"uv": [2, 3, 4, 5], "rotation": 270, "texture": "#6"},
				"west": {"uv": [2, 3, 4, 5], "rotation": 270, "texture": "#6"},
				"up": {"uv": [11, 9, 15, 15], "rotation": 270, "texture": "#7"},
				"down": {"uv": [1, 9, 5, 15], "rotation": 270, "texture": "#5"}
			}
		}
	],
	"display": {
		"head": {
			"translation": [0, -36.5, 0],
			"scale": [0.8, 0.8, 0.8]
		}
	}
}