{
	"credit": "Made with Blockbench",
	"textures": {
		"0": "custom/grass_block_side1",
		"1": "custom/brick_side9",
		"2": "custom/brick_side7",
		"particle": "custom/grass_block_side1"
	},
	"elements": [
		{
			"from": [0, 0, 1],
			"to": [11, 2, 15],
			"shade": false,
			"faces": {
				"north": {"uv": [9, 8, 11, 10], "texture": "#0"},
				"east": {"uv": [9, 8, 11, 10], "texture": "#0"},
				"south": {"uv": [8, 9, 10, 11], "texture": "#1"},
				"west": {"uv": [9, 8, 11, 10], "texture": "#0"},
				"up": {"uv": [15, 9, 16, 10], "rotation": 90, "texture": "#0"},
				"down": {"uv": [9, 8, 11, 10], "rotation": 270, "texture": "#0"}
			}
		},
		{
			"from": [0, 10, 1],
			"to": [11, 12, 15],
			"shade": false,
			"faces": {
				"north": {"uv": [9, 8, 11, 10], "texture": "#0"},
				"east": {"uv": [9, 8, 11, 10], "texture": "#0"},
				"south": {"uv": [8, 9, 10, 11], "texture": "#1"},
				"west": {"uv": [9, 8, 11, 10], "texture": "#0"},
				"up": {"uv": [9, 8, 11, 10], "rotation": 90, "texture": "#0"},
				"down": {"uv": [8, 11, 9, 12], "rotation": 270, "texture": "#1"}
			}
		},
		{
			"from": [0, 2, 2],
			"to": [10, 10, 14],
			"shade": false,
			"faces": {
				"north": {"uv": [2, 4, 4, 6], "texture": "#0"},
				"east": {"uv": [2, 4, 4, 6], "texture": "#0"},
				"south": {"uv": [8, 9, 10, 11], "texture": "#0"},
				"west": {"uv": [9, 8, 12, 10], "texture": "#0"},
				"up": {"uv": [0, 0, 12, 10], "rotation": 90, "texture": "#0"},
				"down": {"uv": [0, 0, 12, 10], "rotation": 270, "texture": "#0"}
			}
		},
		{
			"from": [0, 12, 2],
			"to": [10, 13, 14],
			"shade": false,
			"faces": {
				"north": {"uv": [0, 0, 3, 1], "texture": "#0"},
				"east": {"uv": [0, 0, 3, 1], "texture": "#0"},
				"south": {"uv": [5, 9, 6, 10], "texture": "#2"},
				"west": {"uv": [5, 9, 6, 10], "texture": "#2"},
				"up": {"uv": [0, 0, 3, 1], "rotation": 90, "texture": "#0"},
				"down": {"uv": [0, 0, 3, 1], "rotation": 270, "texture": "#0"}
			}
		},
		{
			"from": [2, 15, 5.5],
			"to": [6, 24.5, 10.5],
			"shade": false,
			"faces": {
				"north": {"uv": [8, 8, 11, 10], "texture": "#0"},
				"east": {"uv": [8, 8, 11, 10], "texture": "#0"},
				"south": {"uv": [6, 9, 9, 11], "texture": "#1"},
				"west": {"uv": [6, 9, 9, 11], "texture": "#1"},
				"up": {"uv": [7, 6, 7.75, 7], "rotation": 90, "texture": "#0"},
				"down": {"uv": [9, 11, 9.75, 12], "rotation": 270, "texture": "#1"}
			}
		},
		{
			"from": [2, 12, 5.5],
			"to": [5, 15, 10.5],
			"shade": false,
			"faces": {
				"north": {"uv": [0, 7, 3, 10], "texture": "#0"},
				"east": {"uv": [0, 7, 3, 10], "texture": "#0"},
				"south": {"uv": [6, 9, 9, 11], "texture": "#1"},
				"west": {"uv": [6, 9, 9, 11], "texture": "#1"},
				"up": {"uv": [0, 0, 5, 3], "rotation": 90, "texture": "#0"},
				"down": {"uv": [0, 0, 5, 3], "rotation": 270, "texture": "#0"}
			}
		},
		{
			"from": [7.84357, 20.2409, 5.5],
			"to": [12.04357, 23.9909, 10.5],
			"shade": false,
			"rotation": {"angle": 22.5, "axis": "z", "origin": [8, 8, 8]},
			"faces": {
				"north": {"uv": [8, 8, 11, 10], "texture": "#0"},
				"east": {"uv": [8, 8, 11, 10], "texture": "#0"},
				"south": {"uv": [6, 9, 9.2, 10.75], "texture": "#1"},
				"west": {"uv": [6, 9, 11, 12.75], "texture": "#1"},
				"up": {"uv": [6, 9, 11, 13.2], "rotation": 90, "texture": "#1"},
				"down": {"uv": [6, 9, 8, 10.2], "rotation": 270, "texture": "#1"}
			}
		},
		{
			"from": [4.06355, 24.9015, 7],
			"to": [6.06355, 27.9015, 8.75],
			"shade": false,
			"faces": {
				"north": {"uv": [8, 8, 11, 10], "texture": "#0"},
				"east": {"uv": [8, 8, 11, 10], "texture": "#0"},
				"south": {"uv": [6, 9, 9, 11], "texture": "#1"},
				"west": {"uv": [0, 0, 1.75, 3], "texture": "#0"},
				"up": {"uv": [7, 6, 7.75, 7], "rotation": 90, "texture": "#0"},
				"down": {"uv": [6, 1, 7.75, 3], "rotation": 270, "texture": "#1"}
			}
		},
		{
			"from": [3.06355, 24.4015, 6.5],
			"to": [5.06355, 28.4015, 9.25],
			"shade": false,
			"faces": {
				"north": {"uv": [8, 8, 11, 10], "texture": "#0"},
				"east": {"uv": [8, 8, 11, 10], "texture": "#0"},
				"south": {"uv": [6, 9, 9, 11], "texture": "#1"},
				"west": {"uv": [6, 9, 9, 11], "texture": "#1"},
				"up": {"uv": [7, 6, 7.75, 7], "rotation": 90, "texture": "#0"},
				"down": {"uv": [0, 0, 2.75, 2], "rotation": 270, "texture": "#0"}
			}
		},
		{
			"from": [0.90504, 19.4015, 6.73044],
			"to": [1.90504, 26.4015, 9.73044],
			"shade": false,
			"rotation": {"angle": -22.5, "axis": "y", "origin": [8, 8, 8]},
			"faces": {
				"north": {"uv": [0, 0, 1, 7], "texture": "#0"},
				"east": {"uv": [9, 5, 9.75, 6], "texture": "#0"},
				"south": {"uv": [9, 8, 9.75, 9], "texture": "#0"},
				"west": {"uv": [9, 8, 9.75, 9], "texture": "#0"},
				"up": {"uv": [7, 6, 7.75, 7], "rotation": 90, "texture": "#0"},
				"down": {"uv": [9, 8, 9.75, 9], "rotation": 270, "texture": "#0"}
			}
		},
		{
			"from": [0.90504, 19.4015, 6.26956],
			"to": [1.90504, 26.4015, 9.26956],
			"shade": false,
			"rotation": {"angle": 22.5, "axis": "y", "origin": [8, 8, 8]},
			"faces": {
				"north": {"uv": [9, 6, 9.75, 7], "texture": "#0"},
				"east": {"uv": [9, 5, 9.75, 6], "texture": "#0"},
				"south": {"uv": [1, 0, 0, 7], "texture": "#0"},
				"west": {"uv": [9, 8, 9.75, 9], "texture": "#0"},
				"up": {"uv": [7, 6, 7.75, 7], "rotation": 90, "texture": "#0"},
				"down": {"uv": [9, 8, 9.75, 9], "rotation": 270, "texture": "#0"}
			}
		},
		{
			"from": [0.90504, 16.4015, 3.73044],
			"to": [1.90504, 27.4015, 6.73044],
			"shade": false,
			"rotation": {"angle": -22.5, "axis": "y", "origin": [8, 8, 8]},
			"faces": {
				"north": {"uv": [9, 5, 9.75, 6], "texture": "#0"},
				"east": {"uv": [9, 5, 9.75, 6], "texture": "#0"},
				"south": {"uv": [9, 8, 9.75, 9], "texture": "#0"},
				"west": {"uv": [9, 8, 9.75, 9], "texture": "#0"},
				"up": {"uv": [7, 6, 7.75, 7], "rotation": 90, "texture": "#0"},
				"down": {"uv": [9, 8, 9.75, 9], "rotation": 270, "texture": "#0"}
			}
		},
		{
			"from": [2.90504, 15.68851, -0.57665],
			"to": [4.90504, 22.18851, 1.42335],
			"shade": false,
			"rotation": {"angle": 22.5, "axis": "x", "origin": [8, 8, 8]},
			"faces": {
				"north": {"uv": [8, 8, 11, 10], "texture": "#0"},
				"east": {"uv": [8, 8, 11, 10], "texture": "#0"},
				"south": {"uv": [6, 9, 9, 11], "texture": "#1"},
				"west": {"uv": [6, 9, 9, 11], "texture": "#1"},
				"up": {"uv": [0, 0, 2, 2], "rotation": 90, "texture": "#0"},
				"down": {"uv": [6, 9, 9, 11], "rotation": 270, "texture": "#1"}
			}
		},
		{
			"from": [2.90504, 15.78418, 14.34568],
			"to": [4.90504, 22.28418, 16.34568],
			"shade": false,
			"rotation": {"angle": -22.5, "axis": "x", "origin": [8, 8, 8]},
			"faces": {
				"north": {"uv": [8, 8, 11, 10], "texture": "#0"},
				"east": {"uv": [8, 8, 11, 10], "texture": "#0"},
				"south": {"uv": [6, 9, 9, 11], "texture": "#1"},
				"west": {"uv": [6, 9, 9, 11], "texture": "#1"},
				"up": {"uv": [2, 0, 4, 2], "rotation": 90, "texture": "#0"},
				"down": {"uv": [6, 9, 9, 11], "rotation": 270, "texture": "#1"}
			}
		},
		{
			"from": [0.90504, 16.4015, 9.26956],
			"to": [1.90504, 27.4015, 12.26956],
			"shade": false,
			"rotation": {"angle": 22.5, "axis": "y", "origin": [8, 8, 8]},
			"faces": {
				"north": {"uv": [9, 6, 9.75, 7], "texture": "#0"},
				"east": {"uv": [9, 5, 9.75, 6], "texture": "#0"},
				"south": {"uv": [9, 8, 9.75, 9], "texture": "#0"},
				"west": {"uv": [9, 8, 9.75, 9], "texture": "#0"},
				"up": {"uv": [7, 6, 7.75, 7], "rotation": 90, "texture": "#0"},
				"down": {"uv": [9, 8, 9.75, 9], "rotation": 270, "texture": "#0"}
			}
		}
	]
}