{
	"credit": "Made with Blockbench",
	"ambientocclusion": false,
	"textures": {
		"0": "block/black_stained_glass_pane_top",
		"1": "block/black_stained_glass",
		"particle": "block/black_stained_glass"
	},
	"elements": [
		{
			"from": [7, 8, 9],
			"to": [9, 16, 16],
			"shade": false,
			"faces": {
				"east": {"uv": [0, 0, 7, 8], "texture": "#1"},
				"south": {"uv": [7, 0, 9, 8], "texture": "#0", "cullface": "south"},
				"west": {"uv": [0, 0, 7, 8], "texture": "#1"},
				"up": {"uv": [7, 0, 9, 7], "texture": "#0"},
				"down": {"uv": [7, 0, 9, 7], "texture": "#0"}
			}
		}
	]
}