{
	"credit": "Made with Blockbench",
	"ambientocclusion": false,
	"textures": {
		"0": "block/black_stained_glass_pane_top",
		"1": "block/black_stained_glass",
		"particle": "block/black_stained_glass"
	},
	"elements": [
		{
			"from": [7, 8, 0],
			"to": [9, 16, 7],
			"shade": false,
			"faces": {
				"north": {"uv": [7, 0, 9, 8], "texture": "#0", "cullface": "north"},
				"east": {"uv": [9, 0, 16, 8], "texture": "#1"},
				"west": {"uv": [9, 0, 16, 8], "texture": "#1"},
				"up": {"uv": [7, 0, 9, 7], "texture": "#0"},
				"down": {"uv": [7, 0, 9, 7], "texture": "#0"}
			}
		}
	]
}