{
	"credit": "Made with Blockbench",
	"textures": {
		"0": "custom/blue_grass_block_side1",
		"1": "custom/blue_grass_block_side2",
		"2": "custom/grass_block_side3",
		"3": "block/blue_glass",
		"5": "custom/mushroom",
		"6": "custom/flowers2",
		"particle": "block/blue_glass"
	},
	"elements": [
		{
			"from": [0, -16, 0],
			"to": [16, 0, 16],
			"shade": false,
			"faces": {
				"north": {"uv": [0, 0, 16, 16], "texture": "#0", "cullface": "north"},
				"east": {"uv": [0, 0, 16, 16], "texture": "#0", "cullface": "east"},
				"south": {"uv": [0, 0, 16, 16], "texture": "#1", "cullface": "south"},
				"west": {"uv": [0, 0, 16, 16], "texture": "#1", "cullface": "west"},
				"up": {"uv": [0, 0, 16, 16], "texture": "#3", "cullface": "up"},
				"down": {"uv": [0, 0, 16, 16], "texture": "#2", "cullface": "down"}
			}
		},
		{
			"from": [5.64564, 0, 4.6555],
			"to": [5.64564, 16, 19.0555],
			"shade": false,
			"rotation": {"angle": 22.5, "axis": "y", "origin": [8, 8, 8], "rescale": true},
			"faces": {
				"east": {"uv": [0, 0, 16, 16], "texture": "#5"},
				"west": {"uv": [0, 0, 16, 16], "texture": "#5"}
			}
		},
		{
			"from": [-1.55436, 0, 11.8555],
			"to": [12.84564, 16, 11.8555],
			"shade": false,
			"rotation": {"angle": 22.5, "axis": "y", "origin": [8, 8, 8], "rescale": true},
			"faces": {
				"north": {"uv": [0, 0, 16, 16], "texture": "#5"},
				"south": {"uv": [0, 0, 16, 16], "texture": "#5"}
			}
		},
		{
			"from": [0, 1, -2],
			"to": [16, 1, 14],
			"shade": false,
			"faces": {
				"up": {"uv": [0, 0, 16, 16], "rotation": 90, "texture": "#6"}
			}
		}
	]
}