{
	"credit": "Made with Blockbench",
	"textures": {
		"8": "custom/bricks_bottom",
		"9": "custom/bricks_side2",
		"10": "custom/bricks_top",
		"11": "custom/bricks2",
		"particle": "custom/bricks_top"
	},
	"elements": [
		{
			"from": [0, -4, 0],
			"to": [16, 12, 16],
			"shade": false,
			"faces": {
				"north": {"uv": [0, 0, 16, 16], "texture": "#11", "cullface": "north"},
				"east": {"uv": [0, 0, 16, 16], "texture": "#11", "cullface": "east"},
				"south": {"uv": [0, 0, 16, 16], "texture": "#9", "cullface": "south"},
				"west": {"uv": [0, 0, 16, 16], "texture": "#9", "cullface": "west"},
				"up": {"uv": [0, 0, 16, 16], "texture": "#10", "cullface": "up"},
				"down": {"uv": [0, 0, 16, 16], "texture": "#8", "cullface": "down"}
			}
		}
	]
}