{
	"credit": "Made with Blockbench",
	"textures": {
		"4": "custom/brick_bottom",
		"5": "custom/brick_side1",
		"6": "custom/brick_top1",
		"7": "custom/brick1",
		"particle": "custom/brick_top1"
	},
	"elements": [
		{
			"from": [0, 0, 0],
			"to": [16, 16, 16],
			"shade": false,
			"faces": {
				"north": {"uv": [0, 0, 16, 16], "texture": "#7", "cullface": "north"},
				"east": {"uv": [0, 0, 16, 16], "texture": "#7", "cullface": "east"},
				"south": {"uv": [0, 0, 16, 16], "texture": "#5", "cullface": "south"},
				"west": {"uv": [0, 0, 16, 16], "texture": "#5", "cullface": "west"},
				"up": {"uv": [0, 0, 16, 16], "texture": "#6", "cullface": "up"},
				"down": {"uv": [0, 0, 16, 16], "texture": "#4", "cullface": "down"}
			}
		}
	]
}