{
	"credit": "Made with Blockbench",
	"textures": {
		"1": "custom/leaves7",
		"2": "custom/plant10",
		"particle": "custom/leaves7"
	},
	"elements": [
		{
			"from": [5.87868, -3, -1.32132],
			"to": [5.87868, 13, 13.07868],
			"shade": false,
			"rotation": {"angle": -22.5, "axis": "y", "origin": [8, 8, 8], "rescale": true},
			"faces": {
				"east": {"uv": [0, 0, 16, 16], "texture": "#1"},
				"west": {"uv": [0, 0, 16, 16], "texture": "#1"}
			}
		},
		{
			"from": [-1.32132, -3, 5.87868],
			"to": [13.07868, 13, 5.87868],
			"shade": false,
			"rotation": {"angle": -22.5, "axis": "y", "origin": [8, 8, 8], "rescale": true},
			"faces": {
				"north": {"uv": [0, 0, 16, 16], "texture": "#1"},
				"south": {"uv": [0, 0, 16, 16], "texture": "#1"}
			}
		},
		{
			"from": [8.60685, 0, 4.8782],
			"to": [8.60685, 16, 19.2782],
			"shade": false,
			"rotation": {"angle": 22.5, "axis": "y", "origin": [8, 8, 8], "rescale": true},
			"faces": {
				"east": {"uv": [0, 0, 16, 16], "texture": "#2"},
				"west": {"uv": [0, 0, 16, 16], "texture": "#2"}
			}
		},
		{
			"from": [1.40685, 0, 12.0782],
			"to": [15.80685, 16, 12.0782],
			"shade": false,
			"rotation": {"angle": 22.5, "axis": "y", "origin": [8, 8, 8], "rescale": true},
			"faces": {
				"north": {"uv": [0, 0, 16, 16], "texture": "#2"},
				"south": {"uv": [0, 0, 16, 16], "texture": "#2"}
			}
		}
	],
	"groups": [0, 1,
		{
			"name": "bush2",
			"origin": [8, 8, 8],
			"children": [2, 3]
		}
	]
}