{
	"credit": "Made with Blockbench",
	"textures": {
		"1": "custom/plant11",
		"particle": "custom/plant11"
	},
	"elements": [
		{
			"from": [7.07612, 0, 1.18268],
			"to": [7.07612, 16, 15.58268],
			"shade": false,
			"rotation": {"angle": 22.5, "axis": "y", "origin": [8, 8, 8], "rescale": true},
			"faces": {
				"east": {"uv": [0, 0, 16, 16], "texture": "#1"},
				"west": {"uv": [0, 0, 16, 16], "texture": "#1"}
			}
		},
		{
			"from": [-0.12388, 0, 8.38268],
			"to": [14.27612, 16, 8.38268],
			"shade": false,
			"rotation": {"angle": 22.5, "axis": "y", "origin": [8, 8, 8], "rescale": true},
			"faces": {
				"north": {"uv": [0, 0, 16, 16], "texture": "#1"},
				"south": {"uv": [0, 0, 16, 16], "texture": "#1"}
			}
		}
	]
}