{
	"credit": "Made with Blockbench",
	"textures": {
		"1": "custom/leaves7",
		"2": "custom/leaves8",
		"particle": "custom/leaves7"
	},
	"elements": [
		{
			"from": [2.98105, -3, 12.66879],
			"to": [17.38105, 13, 12.66879],
			"shade": false,
			"rotation": {"angle": -22.5, "axis": "y", "origin": [8, 8, 8], "rescale": true},
			"faces": {
				"north": {"uv": [0, 0, 16, 16], "texture": "#1"},
				"south": {"uv": [0, 0, 16, 16], "texture": "#1"}
			}
		},
		{
			"from": [10.72225, -3, -0.08042],
			"to": [10.72225, 13, 14.31958],
			"shade": false,
			"rotation": {"angle": 22.5, "axis": "y", "origin": [8, 8, 8], "rescale": true},
			"faces": {
				"east": {"uv": [0, 0, 16, 16], "texture": "#1"},
				"west": {"uv": [0, 0, 16, 16], "texture": "#1"}
			}
		},
		{
			"from": [0.68495, 1.25, 0.12551],
			"to": [16.68495, 1.25, 16.12551],
			"shade": false,
			"rotation": {"angle": 22.5, "axis": "y", "origin": [8, 8, 8], "rescale": true},
			"faces": {
				"up": {"uv": [0, 0, 16, 16], "rotation": 270, "texture": "#2"}
			}
		},
		{
			"from": [4.9548, -3, 3.304],
			"to": [4.9548, 13, 17.704],
			"shade": false,
			"rotation": {"angle": -22.5, "axis": "y", "origin": [8, 8, 8], "rescale": true},
			"faces": {
				"east": {"uv": [0, 0, 16, 16], "texture": "#1"},
				"west": {"uv": [0, 0, 16, 16], "texture": "#1"}
			}
		}
	]
}