{
	"credit": "Made with Blockbench",
	"textures": {
		"0": "custom/brick_side9",
		"1": "custom/brick_top1",
		"2": "custom/brick1",
		"3": "custom/flowers1",
		"4": "custom/flowers2",
		"5": "custom/flowers3",
		"6": "custom/trunk",
		"particle": "custom/trunk",
		"1_1": "custom/leaves1"
	},
	"elements": [
		{
			"name": "octagon",
			"from": [-1.1127, 0, -14],
			"to": [17.1127, 3, -11],
			"shade": false,
			"rotation": {"angle": 45, "axis": "y", "origin": [8, 8, 8]},
			"faces": {
				"north": {"uv": [0, 1, 16, 4], "texture": "#0"},
				"east": {"uv": [0, 0, 1, 1], "texture": "#0"},
				"south": {"uv": [0, 1, 16, 4], "texture": "#2"},
				"west": {"uv": [0, 0, 1, 1], "texture": "#0"},
				"up": {"uv": [0, 1, 16, 4], "texture": "#1"},
				"down": {"uv": [0, 0, 1, 1], "texture": "#0"}
			}
		},
		{
			"name": "octagon",
			"from": [-1.1127, 0, -14],
			"to": [17.1127, 3, -11],
			"shade": false,
			"faces": {
				"north": {"uv": [0, 1, 16, 4], "texture": "#2"},
				"east": {"uv": [0, 0, 1, 1], "texture": "#0"},
				"south": {"uv": [0, 1, 16, 4], "texture": "#0"},
				"west": {"uv": [0, 0, 1, 1], "texture": "#0"},
				"up": {"uv": [0, 1, 16, 4], "texture": "#1"},
				"down": {"uv": [0, 0, 1, 1], "texture": "#0"}
			}
		},
		{
			"name": "octagon",
			"from": [-1.1127, 0, 27],
			"to": [17.1127, 3, 30],
			"shade": false,
			"rotation": {"angle": 45, "axis": "y", "origin": [8, 8, 8]},
			"faces": {
				"north": {"uv": [0, 1, 16, 4], "texture": "#0"},
				"east": {"uv": [0, 0, 1, 1], "texture": "#0"},
				"south": {"uv": [0, 1, 16, 4], "texture": "#2"},
				"west": {"uv": [0, 0, 1, 1], "texture": "#0"},
				"up": {"uv": [0, 1, 16, 4], "rotation": 180, "texture": "#1"},
				"down": {"uv": [0, 0, 1, 1], "texture": "#0"}
			}
		},
		{
			"name": "octagon",
			"from": [-1.1127, 0, 27],
			"to": [17.1127, 3, 30],
			"shade": false,
			"faces": {
				"north": {"uv": [0, 1, 16, 4], "texture": "#2"},
				"east": {"uv": [0, 0, 1, 1], "texture": "#0"},
				"south": {"uv": [0, 1, 16, 4], "texture": "#0"},
				"west": {"uv": [0, 0, 1, 1], "texture": "#0"},
				"up": {"uv": [0, 1, 16, 4], "rotation": 180, "texture": "#1"},
				"down": {"uv": [0, 0, 1, 1], "texture": "#0"}
			}
		},
		{
			"name": "octagon",
			"from": [-14, 0, -1.1127],
			"to": [-11, 3, 17.1127],
			"shade": false,
			"rotation": {"angle": 45, "axis": "y", "origin": [8, 8, 8]},
			"faces": {
				"north": {"uv": [0, 0, 1, 1], "texture": "#0"},
				"east": {"uv": [0, 1, 16, 4], "texture": "#2"},
				"south": {"uv": [0, 0, 1, 1], "texture": "#0"},
				"west": {"uv": [0, 1, 16, 4], "texture": "#0"},
				"up": {"uv": [0, 1, 16, 4], "rotation": 270, "texture": "#1"},
				"down": {"uv": [0, 0, 1, 1], "texture": "#0"}
			}
		},
		{
			"name": "octagon",
			"from": [-14, 0, -1.1127],
			"to": [-11, 3, 17.1127],
			"shade": false,
			"faces": {
				"north": {"uv": [0, 0, 1, 1], "texture": "#0"},
				"east": {"uv": [0, 1, 16, 4], "texture": "#2"},
				"south": {"uv": [0, 0, 1, 1], "texture": "#0"},
				"west": {"uv": [0, 1, 16, 4], "texture": "#0"},
				"up": {"uv": [0, 1, 16, 4], "rotation": 270, "texture": "#1"},
				"down": {"uv": [0, 0, 1, 1], "texture": "#0"}
			}
		},
		{
			"name": "octagon",
			"from": [27, 0, -1.1127],
			"to": [30, 3, 17.1127],
			"shade": false,
			"rotation": {"angle": 45, "axis": "y", "origin": [8, 8, 8]},
			"faces": {
				"north": {"uv": [0, 0, 1, 1], "texture": "#0"},
				"east": {"uv": [0, 1, 16, 4], "texture": "#2"},
				"south": {"uv": [0, 0, 1, 1], "texture": "#0"},
				"west": {"uv": [0, 1, 16, 4], "texture": "#0"},
				"up": {"uv": [0, 1, 16, 4], "rotation": 90, "texture": "#1"},
				"down": {"uv": [0, 0, 1, 1], "texture": "#0"}
			}
		},
		{
			"name": "octagon",
			"from": [27, 0, -1.1127],
			"to": [30, 3, 17.1127],
			"shade": false,
			"faces": {
				"north": {"uv": [0, 0, 1, 1], "texture": "#0"},
				"east": {"uv": [0, 1, 16, 4], "texture": "#2"},
				"south": {"uv": [0, 0, 1, 1], "texture": "#0"},
				"west": {"uv": [0, 1, 16, 4], "texture": "#0"},
				"up": {"uv": [0, 1, 16, 4], "rotation": 90, "texture": "#1"},
				"down": {"uv": [0, 0, 1, 1], "texture": "#0"}
			}
		},
		{
			"from": [0, 2, 0],
			"to": [16, 2, 16],
			"shade": false,
			"faces": {
				"up": {"uv": [0, 0, 16, 16], "texture": "#3"}
			}
		},
		{
			"from": [0, 1.75, -14],
			"to": [16, 1.75, 2],
			"shade": false,
			"faces": {
				"up": {"uv": [0, 0, 16, 16], "texture": "#4"}
			}
		},
		{
			"from": [0, 1.75, 14],
			"to": [16, 1.75, 30],
			"shade": false,
			"faces": {
				"up": {"uv": [0, 0, 16, 16], "texture": "#5"}
			}
		},
		{
			"from": [14, 1.75, 0],
			"to": [30, 1.75, 16],
			"shade": false,
			"faces": {
				"up": {"uv": [0, 0, 16, 16], "texture": "#5"}
			}
		},
		{
			"from": [-13, 1.75, 0],
			"to": [3, 1.75, 16],
			"shade": false,
			"faces": {
				"up": {"uv": [0, 0, 16, 16], "rotation": 90, "texture": "#4"}
			}
		},
		{
			"from": [-13, 1.5, 0],
			"to": [3, 1.5, 16],
			"shade": false,
			"rotation": {"angle": -45, "axis": "y", "origin": [8, 8, 8]},
			"faces": {
				"up": {"uv": [0, 0, 16, 16], "rotation": 90, "texture": "#3"}
			}
		},
		{
			"from": [14, 1.5, 0],
			"to": [30, 1.5, 16],
			"shade": false,
			"rotation": {"angle": -45, "axis": "y", "origin": [8, 8, 8]},
			"faces": {
				"up": {"uv": [0, 0, 16, 16], "rotation": 90, "texture": "#4"}
			}
		},
		{
			"from": [-1, 1.5, 14],
			"to": [15, 1.5, 30],
			"shade": false,
			"rotation": {"angle": -45, "axis": "y", "origin": [8, 8, 8]},
			"faces": {
				"up": {"uv": [0, 0, 16, 16], "rotation": 180, "texture": "#5"}
			}
		},
		{
			"from": [-1, 1.5, -13],
			"to": [15, 1.5, 3],
			"shade": false,
			"rotation": {"angle": -45, "axis": "y", "origin": [8, 8, 8]},
			"faces": {
				"up": {"uv": [0, 0, 16, 16], "rotation": 180, "texture": "#3"}
			}
		},
		{
			"from": [-1, 0.75, 0],
			"to": [15, 0.75, 16],
			"shade": false,
			"rotation": {"angle": -45, "axis": "y", "origin": [8, 8, 8]},
			"faces": {
				"up": {"uv": [0, 0, 16, 16], "rotation": 180, "texture": "#5"}
			}
		},
		{
			"from": [6, 0, 6],
			"to": [10, 16, 10],
			"shade": false,
			"faces": {
				"north": {"uv": [4, 0, 8, 16], "texture": "#6"},
				"east": {"uv": [0, 0, 4, 16], "texture": "#6"},
				"south": {"uv": [0, 0, 4, 16], "texture": "#6"},
				"west": {"uv": [4, 0, 8, 16], "texture": "#6"},
				"up": {"uv": [4, 0, 8, 16], "texture": "#6"},
				"down": {"uv": [0, 0, 4, 16], "texture": "#6"}
			}
		},
		{
			"from": [2.82843, 5.65686, 7],
			"to": [4.82843, 14.65686, 9],
			"shade": false,
			"rotation": {"angle": 45, "axis": "z", "origin": [8, 8, 8]},
			"faces": {
				"north": {"uv": [5, 2, 7, 9], "texture": "#6"},
				"east": {"uv": [5, 3, 7, 10], "texture": "#6"},
				"south": {"uv": [1, 2, 3, 9], "texture": "#6"},
				"west": {"uv": [0, 2, 2, 9], "texture": "#6"},
				"up": {"uv": [5, 2, 7, 4], "rotation": 270, "texture": "#6"},
				"down": {"uv": [0, 0, 2, 2], "rotation": 90, "texture": "#0"}
			}
		},
		{
			"from": [8.24264, 7.07107, 7],
			"to": [10.24264, 16.07107, 9],
			"shade": false,
			"rotation": {"angle": -45, "axis": "z", "origin": [8, 8, 8]},
			"faces": {
				"north": {"uv": [5, 2, 7, 9], "texture": "#6"},
				"east": {"uv": [1, 3, 3, 10], "texture": "#6"},
				"south": {"uv": [1, 2, 3, 9], "texture": "#6"},
				"west": {"uv": [5, 2, 7, 9], "texture": "#6"},
				"up": {"uv": [5, 2, 7, 4], "rotation": 270, "texture": "#6"},
				"down": {"uv": [0, 0, 2, 2], "rotation": 90, "texture": "#0"}
			}
		},
		{
			"from": [7.24264, 12.07107, 5],
			"to": [9.24264, 21.07107, 7],
			"shade": false,
			"rotation": {"angle": 45, "axis": "x", "origin": [8, 8, 8]},
			"faces": {
				"north": {"uv": [5, 2, 7, 9], "texture": "#6"},
				"east": {"uv": [1, 3, 3, 10], "texture": "#6"},
				"south": {"uv": [1, 2, 3, 9], "texture": "#6"},
				"west": {"uv": [5, 2, 7, 9], "texture": "#6"},
				"up": {"uv": [5, 2, 7, 4], "rotation": 270, "texture": "#6"},
				"down": {"uv": [0, 0, 2, 2], "rotation": 90, "texture": "#0"}
			}
		},
		{
			"from": [7.24264, -1.92893, 10],
			"to": [9.24264, 4.07107, 12],
			"shade": false,
			"rotation": {"angle": 45, "axis": "x", "origin": [8, 8, 8]},
			"faces": {
				"north": {"uv": [5, 2, 7, 9], "texture": "#6"},
				"east": {"uv": [1, 3, 3, 10], "texture": "#6"},
				"south": {"uv": [1, 2, 3, 9], "texture": "#6"},
				"west": {"uv": [5, 2, 7, 9], "texture": "#6"},
				"up": {"uv": [5, 2, 7, 4], "rotation": 270, "texture": "#6"},
				"down": {"uv": [0, 0, 2, 2], "rotation": 90, "texture": "#0"}
			}
		},
		{
			"from": [7.24264, -1.07107, 4],
			"to": [9.24264, 4.92893, 6],
			"shade": false,
			"rotation": {"angle": -45, "axis": "x", "origin": [8, 8, 8]},
			"faces": {
				"north": {"uv": [1, 2, 3, 9], "rotation": 180, "texture": "#6"},
				"east": {"uv": [1, 3, 3, 10], "rotation": 180, "texture": "#6"},
				"south": {"uv": [5, 2, 7, 9], "rotation": 180, "texture": "#6"},
				"west": {"uv": [5, 2, 7, 9], "rotation": 180, "texture": "#6"},
				"up": {"uv": [0, 0, 2, 2], "rotation": 90, "texture": "#0"},
				"down": {"uv": [5, 2, 7, 4], "rotation": 270, "texture": "#6"}
			}
		},
		{
			"from": [7.24264, 12.92893, 11],
			"to": [9.24264, 18.92893, 13],
			"shade": false,
			"rotation": {"angle": -45, "axis": "x", "origin": [8, 8, 8]},
			"faces": {
				"north": {"uv": [1, 2, 3, 9], "rotation": 180, "texture": "#6"},
				"east": {"uv": [1, 3, 3, 10], "rotation": 180, "texture": "#6"},
				"south": {"uv": [5, 2, 7, 9], "rotation": 180, "texture": "#6"},
				"west": {"uv": [5, 2, 7, 9], "rotation": 180, "texture": "#6"},
				"up": {"uv": [5, 6, 7, 8], "rotation": 90, "texture": "#6"},
				"down": {"uv": [5, 2, 7, 4], "rotation": 270, "texture": "#6"}
			}
		},
		{
			"from": [-9.24264, 7.24264, 1],
			"to": [4.75736, 7.24264, 15],
			"shade": false,
			"rotation": {"angle": -22.5, "axis": "z", "origin": [8, 8, 8]},
			"faces": {
				"north": {"uv": [0, 0, 11, 0], "texture": "#0"},
				"east": {"uv": [0, 0, 12, 0], "texture": "#0"},
				"south": {"uv": [0, 0, 11, 0], "texture": "#0"},
				"west": {"uv": [0, 0, 12, 0], "texture": "#0"},
				"up": {"uv": [4, 0, 11, 7], "rotation": 270, "texture": "#1_1"},
				"down": {"uv": [4, 9, 11, 16], "rotation": 90, "texture": "#1_1"}
			}
		},
		{
			"from": [12.65685, 10.34315, 1],
			"to": [26.65685, 10.34315, 15],
			"shade": false,
			"rotation": {"angle": 22.5, "axis": "z", "origin": [8, 8, 8]},
			"faces": {
				"north": {"uv": [0, 0, 11, 0], "rotation": 180, "texture": "#0"},
				"east": {"uv": [0, 0, 12, 0], "rotation": 180, "texture": "#0"},
				"south": {"uv": [0, 0, 11, 0], "rotation": 180, "texture": "#0"},
				"west": {"uv": [0, 0, 12, 0], "rotation": 180, "texture": "#0"},
				"up": {"uv": [4, 9, 11, 16], "rotation": 270, "texture": "#1_1"},
				"down": {"uv": [4, 0, 11, 7], "rotation": 90, "texture": "#1_1"}
			}
		},
		{
			"from": [1, 8.34315, -6.65685],
			"to": [15, 8.34315, 7.34315],
			"shade": false,
			"rotation": {"angle": 22.5, "axis": "x", "origin": [8, 8, 8]},
			"faces": {
				"north": {"uv": [0, 0, 12, 0], "rotation": 180, "texture": "#0"},
				"east": {"uv": [0, 0, 11, 0], "rotation": 180, "texture": "#0"},
				"south": {"uv": [0, 0, 12, 0], "rotation": 180, "texture": "#0"},
				"west": {"uv": [0, 0, 11, 0], "rotation": 180, "texture": "#0"},
				"up": {"uv": [4, 9, 11, 16], "rotation": 180, "texture": "#1_1"},
				"down": {"uv": [4, 0, 11, 7], "rotation": 180, "texture": "#1_1"}
			}
		}
	],
	"groups": [
		{
			"name": "octagon",
			"origin": [8, 8, 8],
			"children": []
		},
		{
			"name": "octagon",
			"origin": [8, 8, 8],
			"children": [0, 1, 2, 3, 4, 5, 6, 7, 8, 9, 10, 11, 12, 13, 14, 15, 16, 17]
		},
		{
			"name": "trunk2",
			"origin": [8, 8, 8],
			"children": [18, 19, 20, 21, 22, 23, 24, 25, 26, 27]
		}
	]
}