{
	"credit": "Made with Blockbench",
	"textures": {
		"0": "custom/leaves6",
		"particle": "custom/leaves6"
	},
	"elements": [
		{
			"from": [8.02817, -8, -2.95711],
			"to": [8.02817, 24, 19.04289],
			"shade": false,
			"rotation": {"angle": -45, "axis": "y", "origin": [8, 8, 8]},
			"faces": {
				"north": {"uv": [0, 0, 0, 16], "texture": "#0"},
				"east": {"uv": [2.5, 0, 13.5, 16], "texture": "#0"},
				"south": {"uv": [0, 0, 0, 16], "texture": "#0"},
				"west": {"uv": [2.5, 0, 13.5, 16], "texture": "#0"},
				"up": {"uv": [0, 0, 16, 0], "rotation": 270, "texture": "#0"},
				"down": {"uv": [0, 0, 16, 0], "rotation": 90, "texture": "#0"}
			}
		},
		{
			"from": [-3.04289, -8, 8.02817],
			"to": [18.95711, 24, 8.02817],
			"shade": false,
			"rotation": {"angle": -45, "axis": "y", "origin": [8, 8, 8]},
			"faces": {
				"north": {"uv": [2.5, 0, 13.5, 16], "texture": "#0"},
				"east": {"uv": [0, 0, 0, 16], "texture": "#0"},
				"south": {"uv": [2.5, 0, 13.5, 16], "texture": "#0"},
				"west": {"uv": [0, 0, 0, 16], "texture": "#0"},
				"up": {"uv": [0, 0, 16, 0], "texture": "#0"},
				"down": {"uv": [0, 0, 16, 0], "texture": "#0"}
			}
		},
		{
			"from": [-3.04289, 8.02817, -8],
			"to": [18.95711, 8.02817, 24],
			"shade": false,
			"rotation": {"angle": 45, "axis": "z", "origin": [8, 8, 8]},
			"faces": {
				"north": {"uv": [0, 0, 16, 0], "rotation": 180, "texture": "#0"},
				"east": {"uv": [0, 0, 0, 16], "rotation": 90, "texture": "#0"},
				"south": {"uv": [0, 0, 16, 0], "texture": "#0"},
				"west": {"uv": [0, 0, 0, 16], "rotation": 270, "texture": "#0"},
				"up": {"uv": [2.5, 0, 13.5, 16], "texture": "#0"},
				"down": {"uv": [2.5, 0, 13.5, 16], "rotation": 180, "texture": "#0"}
			}
		},
		{
			"from": [8.02817, -2.95711, -8],
			"to": [8.02817, 19.04289, 24],
			"shade": false,
			"rotation": {"angle": 45, "axis": "z", "origin": [8, 8, 8]},
			"faces": {
				"north": {"uv": [0, 0, 16, 0], "rotation": 90, "texture": "#0"},
				"east": {"uv": [2.5, 0, 13.5, 16], "rotation": 90, "texture": "#0"},
				"south": {"uv": [0, 0, 16, 0], "rotation": 90, "texture": "#0"},
				"west": {"uv": [2.5, 0, 13.5, 16], "rotation": 270, "texture": "#0"},
				"up": {"uv": [0, 0, 0, 16], "texture": "#0"},
				"down": {"uv": [0, 0, 0, 16], "rotation": 180, "texture": "#0"}
			}
		},
		{
			"from": [-8, -3.04289, 7.97183],
			"to": [24, 18.95711, 7.97183],
			"shade": false,
			"rotation": {"angle": 45, "axis": "x", "origin": [8, 8, 8]},
			"faces": {
				"north": {"uv": [2.5, 0, 13.5, 16], "rotation": 270, "texture": "#0"},
				"east": {"uv": [0, 0, 16, 0], "rotation": 270, "texture": "#0"},
				"south": {"uv": [2.5, 0, 13.5, 16], "rotation": 90, "texture": "#0"},
				"west": {"uv": [0, 0, 16, 0], "rotation": 270, "texture": "#0"},
				"up": {"uv": [0, 0, 0, 16], "rotation": 90, "texture": "#0"},
				"down": {"uv": [0, 0, 0, 16], "rotation": 90, "texture": "#0"}
			}
		},
		{
			"from": [-8, 8.02817, -3.04289],
			"to": [24, 8.02817, 18.95711],
			"shade": false,
			"rotation": {"angle": 45, "axis": "x", "origin": [8, 8, 8]},
			"faces": {
				"north": {"uv": [0, 0, 0, 16], "rotation": 270, "texture": "#0"},
				"east": {"uv": [0, 0, 16, 0], "rotation": 180, "texture": "#0"},
				"south": {"uv": [0, 0, 0, 16], "rotation": 90, "texture": "#0"},
				"west": {"uv": [0, 0, 16, 0], "texture": "#0"},
				"up": {"uv": [2.5, 0, 13.5, 16], "rotation": 90, "texture": "#0"},
				"down": {"uv": [2.5, 0, 13.5, 16], "rotation": 90, "texture": "#0"}
			}
		}
	]
}