{
	"credit": "Made with Blockbench",
	"textures": {
		"0": "custom/grass_block_side1",
		"1": "custom/grass_block_side2",
		"2": "custom/grass_block_side3",
		"3": "block/glass",
		"4": "custom/grass1",
		"particle": "block/glass"
	},
	"elements": [
		{   "from": [ 0.8, 0, 8 ],
            "to": [ 15.2, 16, 8 ],
            "rotation": { "origin": [ 8, 8, 8 ], "axis": "y", "angle": 45, "rescale": true },
            "shade": false,
            "faces": {
                "north": { "uv": [ 0, 0, 16, 16 ], "texture": "#4" },
                "south": { "uv": [ 0, 0, 16, 16 ], "texture": "#4" }
            }
        },
        {   "from": [ 8, 0, 0.8 ],
            "to": [ 8, 16, 15.2 ],
            "rotation": { "origin": [ 8, 8, 8 ], "axis": "y", "angle": 45, "rescale": true },
            "shade": false,
            "faces": {
                "west": { "uv": [ 0, 0, 16, 16 ], "texture": "#4" },
                "east": { "uv": [ 0, 0, 16, 16 ], "texture": "#4" }
            }
        }
	]
}