{
	"credit": "Made with Blockbench",
	"textures": {
		"1": "custom/cube_bottom",
		"2": "custom/cube_side",
		"3": "custom/cube_top",
		"4": "custom/complex",
		"8": "custom/cube",
		"particle": "custom/cube_bottom"
	},
	"elements": [
		{
			"from": [2, 2, 2],
			"to": [14, 14, 14],
			"shade": false,
			"faces": {
				"north": {"uv": [5, 5, 11, 11], "texture": "#8"},
				"east": {"uv": [5, 5, 11, 11], "texture": "#8"},
				"south": {"uv": [5, 5, 11, 11], "texture": "#8"},
				"west": {"uv": [5, 5, 11, 11], "texture": "#8"},
				"up": {"uv": [5, 5, 11, 11], "rotation": 90, "texture": "#8"},
				"down": {"uv": [5, 5, 11, 11], "rotation": 270, "texture": "#8"}
			}
		},
		{
			"from": [1, 1, 1],
			"to": [5, 15, 5],
			"shade": false,
			"faces": {
				"north": {"uv": [11, 1, 15, 15], "texture": "#8"},
				"east": {"uv": [2, 5, 4, 9], "texture": "#8"},
				"south": {"uv": [2, 5, 4, 9], "texture": "#2"},
				"west": {"uv": [1, 1, 5, 15], "texture": "#2"},
				"up": {"uv": [11, 11, 15, 15], "rotation": 180, "texture": "#3"},
				"down": {"uv": [1, 1, 5, 5], "rotation": 270, "texture": "#1"}
			}
		},
		{
			"from": [11, 1, 11],
			"to": [15, 15, 15],
			"shade": false,
			"faces": {
				"north": {"uv": [2, 3, 4, 14], "texture": "#8"},
				"east": {"uv": [1, 1, 5, 15], "texture": "#8"},
				"south": {"uv": [11, 1, 15, 15], "texture": "#2"},
				"west": {"uv": [2, 5, 4, 9], "texture": "#2"},
				"up": {"uv": [1, 1, 5, 5], "rotation": 180, "texture": "#3"},
				"down": {"uv": [11, 11, 15, 15], "rotation": 270, "texture": "#1"}
			}
		},
		{
			"from": [11, 1, 1],
			"to": [15, 15, 5],
			"shade": false,
			"faces": {
				"north": {"uv": [1, 1, 5, 15], "texture": "#8"},
				"east": {"uv": [11, 1, 15, 15], "texture": "#8"},
				"south": {"uv": [2, 5, 4, 9], "texture": "#2"},
				"west": {"uv": [2, 3, 4, 14], "texture": "#2"},
				"up": {"uv": [1, 11, 5, 15], "rotation": 180, "texture": "#3"},
				"down": {"uv": [1, 11, 5, 15], "rotation": 270, "texture": "#1"}
			}
		},
		{
			"from": [1, 1, 11],
			"to": [5, 15, 15],
			"shade": false,
			"faces": {
				"north": {"uv": [2, 5, 4, 9], "texture": "#8"},
				"east": {"uv": [2, 3, 4, 14], "texture": "#8"},
				"south": {"uv": [1, 1, 5, 15], "texture": "#2"},
				"west": {"uv": [11, 1, 15, 15], "texture": "#2"},
				"up": {"uv": [11, 1, 15, 5], "rotation": 180, "texture": "#3"},
				"down": {"uv": [11, 1, 15, 5], "rotation": 270, "texture": "#1"}
			}
		},
		{
			"from": [1, 1, 5],
			"to": [5, 5, 11],
			"shade": false,
			"faces": {
				"north": {"uv": [1, 1, 5, 15], "texture": "#8"},
				"east": {"uv": [5, 11, 11, 15], "texture": "#8"},
				"south": {"uv": [2, 5, 4, 9], "texture": "#2"},
				"west": {"uv": [5, 11, 11, 15], "texture": "#2"},
				"up": {"uv": [4, 2, 8, 4], "rotation": 90, "texture": "#3"},
				"down": {"uv": [5, 1, 11, 5], "rotation": 270, "texture": "#1"}
			}
		},
		{
			"from": [11, 1, 5],
			"to": [15, 5, 11],
			"shade": false,
			"faces": {
				"north": {"uv": [1, 1, 5, 15], "texture": "#8"},
				"east": {"uv": [5, 11, 11, 15], "texture": "#8"},
				"south": {"uv": [2, 5, 4, 9], "texture": "#2"},
				"west": {"uv": [2, 5, 4, 9], "texture": "#2"},
				"up": {"uv": [4, 2, 8, 4], "rotation": 90, "texture": "#3"},
				"down": {"uv": [5, 11, 11, 15], "rotation": 270, "texture": "#1"}
			}
		},
		{
			"from": [5, 1, 1],
			"to": [11, 5, 5],
			"shade": false,
			"faces": {
				"north": {"uv": [5, 11, 11, 15], "texture": "#8"},
				"east": {"uv": [2, 5, 4, 9], "texture": "#2"},
				"south": {"uv": [2, 5, 4, 9], "texture": "#2"},
				"west": {"uv": [1, 1, 5, 15], "texture": "#8"},
				"up": {"uv": [4, 2, 8, 4], "texture": "#3"},
				"down": {"uv": [1, 5, 5, 11], "rotation": 270, "texture": "#1"}
			}
		},
		{
			"from": [5, 1, 11],
			"to": [11, 5, 15],
			"shade": false,
			"faces": {
				"north": {"uv": [2, 5, 4, 9], "texture": "#2"},
				"east": {"uv": [1, 1, 5, 15], "texture": "#8"},
				"south": {"uv": [5, 11, 11, 15], "texture": "#2"},
				"west": {"uv": [2, 5, 4, 9], "texture": "#2"},
				"up": {"uv": [4, 2, 8, 4], "rotation": 180, "texture": "#3"},
				"down": {"uv": [11, 5, 15, 11], "rotation": 270, "texture": "#1"}
			}
		},
		{
			"from": [1, 11, 5],
			"to": [5, 15, 11],
			"shade": false,
			"faces": {
				"north": {"uv": [1, 1, 5, 15], "texture": "#8"},
				"east": {"uv": [5, 1, 11, 5], "texture": "#8"},
				"south": {"uv": [2, 5, 4, 9], "texture": "#2"},
				"west": {"uv": [5, 1, 11, 5], "texture": "#2"},
				"up": {"uv": [11, 5, 15, 11], "rotation": 180, "texture": "#3"},
				"down": {"uv": [2, 2, 5, 4], "rotation": 270, "texture": "#1"}
			}
		},
		{
			"from": [11, 11, 5],
			"to": [15, 15, 11],
			"shade": false,
			"faces": {
				"north": {"uv": [1, 1, 5, 15], "texture": "#8"},
				"east": {"uv": [5, 1, 11, 5], "texture": "#8"},
				"south": {"uv": [2, 5, 4, 9], "texture": "#2"},
				"west": {"uv": [2, 5, 4, 9], "texture": "#2"},
				"up": {"uv": [1, 5, 5, 11], "rotation": 180, "texture": "#3"},
				"down": {"uv": [2, 2, 5, 4], "rotation": 270, "texture": "#1"}
			}
		},
		{
			"from": [5, 11, 1],
			"to": [11, 15, 5],
			"shade": false,
			"faces": {
				"north": {"uv": [5, 1, 11, 5], "texture": "#8"},
				"east": {"uv": [2, 5, 4, 9], "texture": "#2"},
				"south": {"uv": [2, 5, 4, 9], "texture": "#2"},
				"west": {"uv": [1, 1, 5, 15], "texture": "#8"},
				"up": {"uv": [5, 11, 11, 15], "rotation": 180, "texture": "#3"},
				"down": {"uv": [2, 2, 5, 4], "texture": "#1"}
			}
		},
		{
			"from": [5, 11, 11],
			"to": [11, 15, 15],
			"shade": false,
			"faces": {
				"north": {"uv": [2, 5, 4, 9], "texture": "#2"},
				"east": {"uv": [1, 1, 5, 15], "texture": "#8"},
				"south": {"uv": [5, 1, 11, 5], "texture": "#2"},
				"west": {"uv": [2, 5, 4, 9], "texture": "#2"},
				"up": {"uv": [5, 1, 11, 5], "rotation": 180, "texture": "#3"},
				"down": {"uv": [2, 2, 5, 4], "rotation": 180, "texture": "#1"}
			}
		},
		{
			"from": [0, 0, 10],
			"to": [6, 6, 13],
			"shade": false,
			"faces": {
				"north": {"uv": [3, 2, 4, 3], "texture": "#8"},
				"east": {"uv": [3, 2, 4, 3], "texture": "#8"},
				"south": {"uv": [3, 2, 4, 3], "texture": "#2"},
				"west": {"uv": [13, 5, 14.5, 8], "texture": "#4"},
				"up": {"uv": [3, 2, 4, 3], "texture": "#3"},
				"down": {"uv": [13, 8, 14.5, 11], "rotation": 270, "texture": "#4"}
			}
		},
		{
			"from": [10, 0, 10],
			"to": [16, 6, 13],
			"shade": false,
			"faces": {
				"north": {"uv": [3, 2, 4, 3], "texture": "#8"},
				"east": {"uv": [1.5, 5, 3, 8], "texture": "#4"},
				"south": {"uv": [3, 2, 4, 3], "texture": "#2"},
				"west": {"uv": [13, 5, 14.5, 8], "texture": "#4"},
				"up": {"uv": [3, 2, 4, 3], "texture": "#3"},
				"down": {"uv": [13, 13, 14.5, 16], "rotation": 270, "texture": "#4"}
			}
		},
		{
			"from": [0, 0, 3],
			"to": [6, 6, 6],
			"shade": false,
			"faces": {
				"north": {"uv": [3, 2, 4, 3], "texture": "#8"},
				"east": {"uv": [3, 2, 4, 3], "texture": "#8"},
				"south": {"uv": [3, 2, 4, 3], "texture": "#2"},
				"west": {"uv": [9.5, 5, 11, 8], "texture": "#4"},
				"up": {"uv": [3, 2, 4, 3], "texture": "#3"},
				"down": {"uv": [9.5, 8, 11, 11], "rotation": 270, "texture": "#4"}
			}
		},
		{
			"from": [10, 0, 3],
			"to": [16, 6, 6],
			"shade": false,
			"faces": {
				"north": {"uv": [3, 2, 4, 3], "texture": "#8"},
				"east": {"uv": [5, 5, 6.5, 8], "texture": "#4"},
				"south": {"uv": [3, 2, 4, 3], "texture": "#2"},
				"west": {"uv": [9.5, 5, 11, 8], "texture": "#4"},
				"up": {"uv": [3, 2, 4, 3], "texture": "#3"},
				"down": {"uv": [9.5, 13, 11, 16], "rotation": 270, "texture": "#4"}
			}
		},
		{
			"from": [0, 10, 3],
			"to": [6, 16, 6],
			"shade": false,
			"faces": {
				"north": {"uv": [3, 2, 4, 3], "texture": "#8"},
				"east": {"uv": [3, 2, 4, 3], "texture": "#8"},
				"south": {"uv": [3, 2, 4, 3], "texture": "#2"},
				"west": {"uv": [9.5, 0, 11, 3], "texture": "#4"},
				"up": {"uv": [1.5, 13, 3, 16], "rotation": 90, "texture": "#4"},
				"down": {"uv": [2, 2, 3.5, 5], "rotation": 270, "texture": "#1"}
			}
		},
		{
			"from": [10, 10, 3],
			"to": [16, 16, 6],
			"shade": false,
			"faces": {
				"north": {"uv": [3, 2, 4, 3], "texture": "#8"},
				"east": {"uv": [5, 0, 6.5, 3], "texture": "#4"},
				"south": {"uv": [3, 2, 4, 3], "texture": "#2"},
				"west": {"uv": [2, 3, 3.5, 6], "texture": "#2"},
				"up": {"uv": [1.5, 8, 3, 11], "rotation": 90, "texture": "#4"},
				"down": {"uv": [2, 2, 3.5, 5], "rotation": 270, "texture": "#1"}
			}
		},
		{
			"from": [0, 10, 10],
			"to": [6, 16, 13],
			"shade": false,
			"faces": {
				"north": {"uv": [3, 2, 4, 3], "texture": "#8"},
				"east": {"uv": [3, 2, 4, 3], "texture": "#8"},
				"south": {"uv": [3, 2, 4, 3], "texture": "#2"},
				"west": {"uv": [9.5, 0, 11, 3], "texture": "#4"},
				"up": {"uv": [5, 13, 6.5, 16], "rotation": 90, "texture": "#4"},
				"down": {"uv": [2, 2, 3.5, 5], "rotation": 270, "texture": "#1"}
			}
		},
		{
			"from": [10, 10, 10],
			"to": [16, 16, 13],
			"shade": false,
			"faces": {
				"north": {"uv": [3, 2, 4, 3], "texture": "#8"},
				"east": {"uv": [1.5, 0, 3, 3], "texture": "#4"},
				"south": {"uv": [3, 2, 4, 3], "texture": "#2"},
				"west": {"uv": [2, 3, 3.5, 6], "texture": "#2"},
				"up": {"uv": [5, 8, 6.5, 11], "rotation": 90, "texture": "#4"},
				"down": {"uv": [2, 2, 3.5, 5], "rotation": 270, "texture": "#1"}
			}
		},
		{
			"from": [10, 10, 13],
			"to": [13, 16, 16],
			"shade": false,
			"faces": {
				"north": {"uv": [3, 2, 4, 3], "texture": "#8"},
				"east": {"uv": [2, 4, 3.5, 7], "texture": "#8"},
				"south": {"uv": [13, 0, 14.5, 3], "texture": "#4"},
				"west": {"uv": [2, 3, 3.5, 6], "texture": "#2"},
				"up": {"uv": [6.5, 9.5, 8, 11], "rotation": 90, "texture": "#4"},
				"down": {"uv": [2, 2, 3.5, 5], "rotation": 270, "texture": "#1"}
			}
		},
		{
			"from": [10, 10, 0],
			"to": [13, 16, 3],
			"shade": false,
			"faces": {
				"north": {"uv": [1.5, 0, 3, 3], "texture": "#4"},
				"east": {"uv": [2, 4, 3.5, 7], "texture": "#8"},
				"south": {"uv": [13, 0, 14.5, 3], "texture": "#4"},
				"west": {"uv": [2, 3, 3.5, 6], "texture": "#2"},
				"up": {"uv": [0, 9.5, 1.5, 11], "rotation": 90, "texture": "#4"},
				"down": {"uv": [2, 2, 3.5, 5], "rotation": 270, "texture": "#1"}
			}
		},
		{
			"from": [13, 10, 0],
			"to": [16, 13, 3],
			"shade": false,
			"faces": {
				"north": {"uv": [0, 1.5, 1.5, 3], "texture": "#4"},
				"east": {"uv": [6.5, 1.5, 8, 3], "texture": "#4"},
				"south": {"uv": [13, 0, 14.5, 3], "texture": "#4"},
				"west": {"uv": [2, 3, 3.5, 6], "texture": "#2"},
				"up": {"uv": [2, 3, 3.5, 4.5], "rotation": 90, "texture": "#3"},
				"down": {"uv": [2, 2, 3.5, 5], "rotation": 270, "texture": "#1"}
			}
		},
		{
			"from": [13, 10, 13],
			"to": [16, 13, 16],
			"shade": false,
			"faces": {
				"north": {"uv": [0, 1.5, 1.5, 3], "texture": "#4"},
				"east": {"uv": [0, 1.5, 1.5, 3], "texture": "#4"},
				"south": {"uv": [14.5, 1.5, 16, 3], "texture": "#4"},
				"west": {"uv": [2, 3, 3.5, 6], "texture": "#2"},
				"up": {"uv": [2, 3, 3.5, 4.5], "rotation": 90, "texture": "#3"},
				"down": {"uv": [2, 2, 3.5, 5], "rotation": 270, "texture": "#1"}
			}
		},
		{
			"from": [0, 10, 13],
			"to": [3, 13, 16],
			"shade": false,
			"faces": {
				"north": {"uv": [0, 1.5, 1.5, 3], "texture": "#4"},
				"east": {"uv": [0, 1.5, 1.5, 3], "texture": "#4"},
				"south": {"uv": [8, 1.5, 9.5, 3], "texture": "#4"},
				"west": {"uv": [14.5, 1.5, 16, 3], "texture": "#4"},
				"up": {"uv": [2, 3, 3.5, 4.5], "rotation": 90, "texture": "#3"},
				"down": {"uv": [2, 2, 3.5, 5], "rotation": 270, "texture": "#1"}
			}
		},
		{
			"from": [0, 10, 0],
			"to": [3, 13, 3],
			"shade": false,
			"faces": {
				"north": {"uv": [6.5, 1.5, 8, 3], "texture": "#4"},
				"east": {"uv": [0, 1.5, 1.5, 3], "texture": "#4"},
				"south": {"uv": [8, 1.5, 9.5, 3], "texture": "#4"},
				"west": {"uv": [8, 1.5, 9.5, 3], "texture": "#4"},
				"up": {"uv": [2, 3, 3.5, 4.5], "rotation": 90, "texture": "#3"},
				"down": {"uv": [2, 2, 3.5, 5], "rotation": 270, "texture": "#1"}
			}
		},
		{
			"from": [13, 3, 0],
			"to": [16, 6, 3],
			"shade": false,
			"faces": {
				"north": {"uv": [0, 5, 1.5, 6.5], "texture": "#4"},
				"east": {"uv": [6.5, 5, 8, 6.5], "texture": "#4"},
				"south": {"uv": [13, 0, 14.5, 3], "texture": "#4"},
				"west": {"uv": [2, 3, 3.5, 6], "texture": "#2"},
				"up": {"uv": [2, 3, 3.5, 4.5], "rotation": 90, "texture": "#3"},
				"down": {"uv": [2, 2, 3.5, 5], "rotation": 270, "texture": "#1"}
			}
		},
		{
			"from": [13, 3, 13],
			"to": [16, 6, 16],
			"shade": false,
			"faces": {
				"north": {"uv": [0, 5, 1.5, 6.5], "texture": "#4"},
				"east": {"uv": [0, 5, 1.5, 6.5], "texture": "#4"},
				"south": {"uv": [14.5, 5, 16, 6.5], "texture": "#4"},
				"west": {"uv": [2, 3, 3.5, 6], "texture": "#2"},
				"up": {"uv": [2, 3, 3.5, 4.5], "rotation": 90, "texture": "#3"},
				"down": {"uv": [2, 2, 3.5, 5], "rotation": 270, "texture": "#1"}
			}
		},
		{
			"from": [0, 3, 13],
			"to": [3, 6, 16],
			"shade": false,
			"faces": {
				"north": {"uv": [0, 5, 1.5, 6.5], "texture": "#4"},
				"east": {"uv": [0, 5, 1.5, 6.5], "texture": "#4"},
				"south": {"uv": [8, 5, 9.5, 6.5], "texture": "#4"},
				"west": {"uv": [14.5, 5, 16, 6.5], "texture": "#4"},
				"up": {"uv": [2, 3, 3.5, 4.5], "rotation": 90, "texture": "#3"},
				"down": {"uv": [2, 2, 3.5, 5], "rotation": 270, "texture": "#1"}
			}
		},
		{
			"from": [0, 3, 0],
			"to": [3, 6, 3],
			"shade": false,
			"faces": {
				"north": {"uv": [6.5, 5, 8, 6.5], "texture": "#4"},
				"east": {"uv": [0, 5, 1.5, 6.5], "texture": "#4"},
				"south": {"uv": [8, 5, 9.5, 6.5], "texture": "#4"},
				"west": {"uv": [8, 5, 9.5, 6.5], "texture": "#4"},
				"up": {"uv": [2, 3, 3.5, 4.5], "rotation": 90, "texture": "#3"},
				"down": {"uv": [2, 2, 3.5, 5], "rotation": 270, "texture": "#1"}
			}
		},
		{
			"from": [10, 0, 13],
			"to": [13, 6, 16],
			"shade": false,
			"faces": {
				"north": {"uv": [3, 2, 4, 3], "texture": "#8"},
				"east": {"uv": [2, 4, 3.5, 7], "texture": "#8"},
				"south": {"uv": [13, 5, 14.5, 8], "texture": "#4"},
				"west": {"uv": [2, 3, 3.5, 6], "texture": "#2"},
				"up": {"uv": [2, 12, 3.5, 13.5], "texture": "#3"},
				"down": {"uv": [14.5, 13, 16, 14.5], "rotation": 270, "texture": "#4"}
			}
		},
		{
			"from": [10, 0, 0],
			"to": [13, 6, 3],
			"shade": false,
			"faces": {
				"north": {"uv": [1.5, 5, 3, 8], "texture": "#4"},
				"east": {"uv": [2, 4, 3.5, 7], "texture": "#8"},
				"south": {"uv": [13, 5, 14.5, 8], "texture": "#4"},
				"west": {"uv": [2, 3, 3.5, 6], "texture": "#2"},
				"up": {"uv": [2, 12, 3.5, 13.5], "texture": "#3"},
				"down": {"uv": [14.5, 13, 16, 14.5], "rotation": 270, "texture": "#4"}
			}
		},
		{
			"from": [3, 10, 13],
			"to": [6, 16, 16],
			"shade": false,
			"faces": {
				"north": {"uv": [3, 2, 4, 3], "texture": "#8"},
				"east": {"uv": [2, 4, 3.5, 7], "texture": "#8"},
				"south": {"uv": [9.5, 0, 11, 3], "texture": "#4"},
				"west": {"uv": [2, 3, 3.5, 6], "texture": "#2"},
				"up": {"uv": [6.5, 13, 8, 14.5], "rotation": 90, "texture": "#4"},
				"down": {"uv": [2, 2, 3.5, 5], "rotation": 270, "texture": "#1"}
			}
		},
		{
			"from": [3, 10, 0],
			"to": [6, 16, 3],
			"shade": false,
			"faces": {
				"north": {"uv": [5, 0, 6.5, 3], "texture": "#4"},
				"east": {"uv": [2, 4, 3.5, 7], "texture": "#8"},
				"south": {"uv": [9.5, 0, 11, 3], "texture": "#4"},
				"west": {"uv": [2, 3, 3.5, 6], "texture": "#2"},
				"up": {"uv": [0, 13, 1.5, 14.5], "rotation": 90, "texture": "#4"},
				"down": {"uv": [2, 2, 3.5, 5], "rotation": 270, "texture": "#1"}
			}
		},
		{
			"from": [3, 0, 13],
			"to": [6, 6, 16],
			"shade": false,
			"faces": {
				"north": {"uv": [3, 2, 4, 3], "texture": "#8"},
				"east": {"uv": [2, 4, 3.5, 7], "texture": "#8"},
				"south": {"uv": [9.5, 5, 11, 8], "texture": "#4"},
				"west": {"uv": [2, 3, 3.5, 6], "texture": "#2"},
				"up": {"uv": [2, 12, 3.5, 13.5], "texture": "#3"},
				"down": {"uv": [14.5, 9.5, 16, 11], "rotation": 270, "texture": "#4"}
			}
		},
		{
			"from": [3, 0, 0],
			"to": [6, 6, 3],
			"shade": false,
			"faces": {
				"north": {"uv": [5, 5, 6.5, 8], "texture": "#4"},
				"east": {"uv": [2, 4, 3.5, 7], "texture": "#8"},
				"south": {"uv": [9.5, 5, 11, 8], "texture": "#4"},
				"west": {"uv": [2, 3, 3.5, 6], "texture": "#2"},
				"up": {"uv": [2, 12, 3.5, 13.5], "texture": "#3"},
				"down": {"uv": [14.5, 9.5, 16, 11], "rotation": 270, "texture": "#4"}
			}
		}
	],
	"display": {
		"head": {
			"translation": [0, -36.5, 0],
			"scale": [0.8, 0.8, 0.8]
		}
	}
}