{
	"credit": "Made with Blockbench",
	"textures": {
		"1": "block/gas1",
		"2": "block/gas2",
		"3": "custom/rail1",
		"particle": "custom/rail1"
	},
	"elements": [
		{
			"from": [0, 0, 0],
			"to": [16, 1, 16],
			"faces": {
				"north": {"uv": [0, 0, 16, 16], "texture": "#1"},
				"east": {"uv": [0, 0, 16, 16], "texture": "#1"},
				"south": {"uv": [0, 0, 16, 16], "texture": "#1"},
				"west": {"uv": [0, 0, 16, 16], "texture": "#1"},
				"up": {"uv": [0, 0, 16, 16], "texture": "#1"},
				"down": {"uv": [0, 0, 16, 16], "texture": "#1"}
			}
		},
		{
			"from": [3, 28, 0],
			"to": [5, 30, 16],
			"faces": {
				"north": {"uv": [3, 3, 5, 5], "texture": "#3"},
				"east": {"uv": [3, 3, 5, 5], "texture": "#3"},
				"south": {"uv": [3, 3, 5, 5], "texture": "#3"},
				"west": {"uv": [3, 3, 5, 5], "texture": "#3"},
				"up": {"uv": [3, 0, 5, 16], "texture": "#3"},
				"down": {"uv": [3, 3, 5, 5], "texture": "#3"}
			}
		},
		{
			"from": [11, 28, 0],
			"to": [13, 30, 16],
			"faces": {
				"north": {"uv": [3, 3, 5, 5], "texture": "#3"},
				"east": {"uv": [3, 3, 5, 5], "texture": "#3"},
				"south": {"uv": [3, 3, 5, 5], "texture": "#3"},
				"west": {"uv": [3, 3, 5, 5], "texture": "#3"},
				"up": {"uv": [11, 0, 13, 16], "texture": "#3"},
				"down": {"uv": [3, 3, 5, 5], "texture": "#3"}
			}
		},
		{
			"from": [0, 28, 11],
			"to": [16, 30, 13],
			"faces": {
				"north": {"uv": [3, 3, 5, 5], "texture": "#3"},
				"east": {"uv": [3, 3, 5, 5], "texture": "#3"},
				"south": {"uv": [3, 3, 5, 5], "texture": "#3"},
				"west": {"uv": [3, 3, 5, 5], "texture": "#3"},
				"up": {"uv": [0, 11, 16, 13], "texture": "#3"},
				"down": {"uv": [3, 3, 5, 5], "texture": "#3"}
			}
		},
		{
			"from": [0, 28, 3],
			"to": [16, 30, 5],
			"faces": {
				"north": {"uv": [3, 3, 5, 5], "texture": "#3"},
				"east": {"uv": [3, 3, 5, 5], "texture": "#3"},
				"south": {"uv": [3, 3, 5, 5], "texture": "#3"},
				"west": {"uv": [3, 3, 5, 5], "texture": "#3"},
				"up": {"uv": [0, 3, 16, 5], "texture": "#3"},
				"down": {"uv": [3, 3, 5, 5], "texture": "#3"}
			}
		},
		{
			"from": [0, 2, 0],
			"to": [16, 2, 16],
			"faces": {
				"up": {"uv": [0, 0, 16, 16], "texture": "#2"}
			}
		},
		{
			"from": [0, 3, 0],
			"to": [16, 3, 16],
			"faces": {
				"up": {"uv": [0, 0, 16, 16], "texture": "#2"}
			}
		},
		{
			"from": [0, 4, 0],
			"to": [16, 4, 16],
			"faces": {
				"up": {"uv": [0, 0, 16, 16], "texture": "#2"}
			}
		},
		{
			"from": [0, 5, 0],
			"to": [16, 5, 16],
			"faces": {
				"up": {"uv": [0, 0, 16, 16], "texture": "#2"}
			}
		},
		{
			"from": [0, 7, 0],
			"to": [16, 7, 16],
			"faces": {
				"up": {"uv": [0, 0, 16, 16], "texture": "#2"}
			}
		},
		{
			"from": [0, 6, 0],
			"to": [16, 6, 16],
			"faces": {
				"up": {"uv": [0, 0, 16, 16], "texture": "#2"}
			}
		},
		{
			"from": [0, 8, 0],
			"to": [16, 8, 16],
			"faces": {
				"up": {"uv": [0, 0, 16, 16], "texture": "#2"}
			}
		},
		{
			"from": [0, 9, 0],
			"to": [16, 9, 16],
			"faces": {
				"up": {"uv": [0, 0, 16, 16], "texture": "#2"}
			}
		},
		{
			"from": [0, 10, 0],
			"to": [16, 10, 16],
			"faces": {
				"up": {"uv": [0, 0, 16, 16], "texture": "#2"}
			}
		},
		{
			"from": [0, 11, 0],
			"to": [16, 11, 16],
			"faces": {
				"up": {"uv": [0, 0, 16, 16], "texture": "#2"}
			}
		},
		{
			"from": [0, 12, 0],
			"to": [16, 12, 16],
			"faces": {
				"up": {"uv": [0, 0, 16, 16], "texture": "#2"}
			}
		},
		{
			"from": [0, 13, 0],
			"to": [16, 13, 16],
			"faces": {
				"up": {"uv": [0, 0, 16, 16], "texture": "#2"}
			}
		},
		{
			"from": [0, 14, 0],
			"to": [16, 14, 16],
			"faces": {
				"up": {"uv": [0, 0, 16, 16], "texture": "#2"}
			}
		},
		{
			"from": [0, 15, 0],
			"to": [16, 15, 16],
			"faces": {
				"up": {"uv": [0, 0, 16, 16], "texture": "#2"}
			}
		},
		{
			"from": [0, 16, 0],
			"to": [16, 16, 16],
			"faces": {
				"up": {"uv": [0, 0, 16, 16], "texture": "#2"}
			}
		},
		{
			"from": [0, 17, 0],
			"to": [16, 17, 16],
			"faces": {
				"up": {"uv": [0, 0, 16, 16], "texture": "#2"}
			}
		},
		{
			"from": [0, 18, 0],
			"to": [16, 18, 16],
			"faces": {
				"up": {"uv": [0, 0, 16, 16], "texture": "#2"}
			}
		},
		{
			"from": [0, 19, 0],
			"to": [16, 19, 16],
			"faces": {
				"up": {"uv": [0, 0, 16, 16], "texture": "#2"}
			}
		},
		{
			"from": [0, 20, 0],
			"to": [16, 20, 16],
			"faces": {
				"up": {"uv": [0, 0, 16, 16], "texture": "#2"}
			}
		},
		{
			"from": [0, 21, 0],
			"to": [16, 21, 16],
			"faces": {
				"up": {"uv": [0, 0, 16, 16], "texture": "#2"}
			}
		},
		{
			"from": [0, 22, 0],
			"to": [16, 22, 16],
			"faces": {
				"up": {"uv": [0, 0, 16, 16], "texture": "#2"}
			}
		},
		{
			"from": [0, 23, 0],
			"to": [16, 23, 16],
			"faces": {
				"up": {"uv": [0, 0, 16, 16], "texture": "#2"}
			}
		},
		{
			"from": [0, 24, 0],
			"to": [16, 24, 16],
			"faces": {
				"up": {"uv": [0, 0, 16, 16], "texture": "#2"}
			}
		},
		{
			"from": [0, 25, 0],
			"to": [16, 25, 16],
			"faces": {
				"up": {"uv": [0, 0, 16, 16], "texture": "#2"}
			}
		},
		{
			"from": [0, 26, 0],
			"to": [16, 26, 16],
			"faces": {
				"up": {"uv": [0, 0, 16, 16], "texture": "#2"}
			}
		}
	]
}