{
	"credit": "Made with Blockbench",
	"textures": {
		"1": "custom/cube_bottom",
		"2": "custom/cube_side",
		"3": "custom/cube_top",
		"4": "custom/cube3",
		"5": "custom/cube3_bottom",
		"6": "custom/cube3_side",
		"7": "custom/cube3_top",
		"8": "custom/cube",
		"particle": "custom/cube_bottom"
	},
	"elements": [
		{
			"from": [2, 2, 2],
			"to": [14, 14, 14],
			"shade": false,
			"faces": {
				"north": {"uv": [2, 2, 14, 14], "rotation": 90, "texture": "#7"},
				"east": {"uv": [2, 2, 14, 14], "rotation": 90, "texture": "#7"},
				"south": {"uv": [2, 2, 14, 14], "rotation": 90, "texture": "#7"},
				"west": {"uv": [2, 2, 14, 14], "rotation": 90, "texture": "#7"},
				"up": {"uv": [2, 2, 14, 14], "rotation": 90, "texture": "#7"},
				"down": {"uv": [2, 2, 14, 14], "rotation": 90, "texture": "#7"}
			}
		},
		{
			"from": [1, 14, 1],
			"to": [15, 16, 4],
			"shade": false,
			"faces": {
				"north": {"uv": [2, 2, 4, 12], "rotation": 90, "texture": "#8"},
				"east": {"uv": [2, 2, 4, 4], "rotation": 180, "texture": "#8"},
				"south": {"uv": [2, 5, 4, 9], "rotation": 270, "texture": "#2"},
				"west": {"uv": [2, 2, 6, 4], "texture": "#2"},
				"up": {"uv": [12, 1, 15, 15], "rotation": 270, "texture": "#7"},
				"down": {"uv": [2, 5, 4, 9], "rotation": 270, "texture": "#2"}
			}
		},
		{
			"from": [14, 1, 1],
			"to": [16, 15, 4],
			"shade": false,
			"faces": {
				"north": {"uv": [2, 2, 4, 12], "texture": "#8"},
				"east": {"uv": [12, 1, 15, 15], "texture": "#4"},
				"south": {"uv": [2, 5, 4, 9], "texture": "#2"},
				"west": {"uv": [2, 5, 4, 9], "texture": "#2"},
				"up": {"uv": [2, 2, 6, 4], "rotation": 90, "texture": "#3"},
				"down": {"uv": [2, 2, 4, 4], "rotation": 270, "texture": "#1"}
			}
		},
		{
			"from": [12, 1, 14],
			"to": [15, 15, 16],
			"shade": false,
			"faces": {
				"north": {"uv": [2, 5, 4, 9], "texture": "#2"},
				"east": {"uv": [2, 2, 4, 12], "texture": "#8"},
				"south": {"uv": [12, 1, 15, 15], "texture": "#6"},
				"west": {"uv": [2, 5, 4, 9], "texture": "#2"},
				"up": {"uv": [2, 2, 6, 4], "rotation": 180, "texture": "#3"},
				"down": {"uv": [2, 2, 4, 4], "rotation": 180, "texture": "#1"}
			}
		},
		{
			"from": [0, 1, 1],
			"to": [2, 15, 4],
			"shade": false,
			"faces": {
				"north": {"uv": [4, 2, 2, 12], "texture": "#8"},
				"east": {"uv": [4, 5, 2, 9], "texture": "#2"},
				"south": {"uv": [4, 5, 2, 9], "texture": "#2"},
				"west": {"uv": [15, 1, 12, 15], "texture": "#6"},
				"up": {"uv": [6, 2, 2, 4], "rotation": 270, "texture": "#3"},
				"down": {"uv": [4, 2, 2, 4], "rotation": 90, "texture": "#1"}
			}
		},
		{
			"from": [12, 1, 0],
			"to": [15, 15, 2],
			"shade": false,
			"faces": {
				"north": {"uv": [15, 1, 12, 15], "texture": "#4"},
				"east": {"uv": [4, 2, 2, 12], "texture": "#8"},
				"south": {"uv": [4, 5, 2, 9], "texture": "#2"},
				"west": {"uv": [4, 5, 2, 9], "texture": "#2"},
				"up": {"uv": [2, 4, 6, 2], "rotation": 180, "texture": "#3"},
				"down": {"uv": [2, 4, 4, 2], "rotation": 180, "texture": "#1"}
			}
		},
		{
			"from": [1, 0, 12],
			"to": [15, 2, 15],
			"shade": false,
			"faces": {
				"north": {"uv": [2, 5, 4, 9], "rotation": 90, "texture": "#8"},
				"east": {"uv": [2, 2, 4, 4], "texture": "#8"},
				"south": {"uv": [2, 2, 4, 12], "rotation": 270, "texture": "#2"},
				"west": {"uv": [2, 2, 6, 4], "rotation": 180, "texture": "#2"},
				"up": {"uv": [2, 5, 4, 9], "rotation": 270, "texture": "#2"},
				"down": {"uv": [12, 1, 15, 15], "rotation": 270, "texture": "#5"}
			}
		},
		{
			"from": [1, 14, 12],
			"to": [15, 16, 15],
			"shade": false,
			"faces": {
				"north": {"uv": [2, 3, 4, 14], "rotation": 90, "texture": "#8"},
				"east": {"uv": [2, 2, 4, 4], "rotation": 180, "texture": "#8"},
				"south": {"uv": [2, 5, 4, 9], "rotation": 270, "texture": "#2"},
				"west": {"uv": [2, 2, 6, 4], "texture": "#2"},
				"up": {"uv": [1, 1, 4, 15], "rotation": 270, "texture": "#7"},
				"down": {"uv": [2, 5, 4, 9], "rotation": 270, "texture": "#2"}
			}
		},
		{
			"from": [14, 1, 12],
			"to": [16, 15, 15],
			"shade": false,
			"faces": {
				"north": {"uv": [2, 3, 4, 14], "texture": "#8"},
				"east": {"uv": [1, 1, 4, 15], "texture": "#4"},
				"south": {"uv": [2, 5, 4, 9], "texture": "#2"},
				"west": {"uv": [2, 5, 4, 9], "texture": "#2"},
				"up": {"uv": [2, 2, 6, 4], "rotation": 90, "texture": "#3"},
				"down": {"uv": [2, 2, 4, 4], "rotation": 270, "texture": "#1"}
			}
		},
		{
			"from": [1, 1, 14],
			"to": [4, 15, 16],
			"shade": false,
			"faces": {
				"north": {"uv": [2, 5, 4, 9], "texture": "#2"},
				"east": {"uv": [2, 3, 4, 14], "texture": "#8"},
				"south": {"uv": [1, 1, 4, 15], "texture": "#6"},
				"west": {"uv": [2, 5, 4, 9], "texture": "#2"},
				"up": {"uv": [2, 2, 6, 4], "rotation": 180, "texture": "#3"},
				"down": {"uv": [2, 2, 4, 4], "rotation": 180, "texture": "#1"}
			}
		},
		{
			"from": [0, 1, 12],
			"to": [2, 15, 15],
			"shade": false,
			"faces": {
				"north": {"uv": [4, 3, 2, 14], "texture": "#8"},
				"east": {"uv": [4, 5, 2, 9], "texture": "#2"},
				"south": {"uv": [4, 5, 2, 9], "texture": "#2"},
				"west": {"uv": [4, 1, 1, 15], "texture": "#6"},
				"up": {"uv": [6, 2, 2, 4], "rotation": 270, "texture": "#3"},
				"down": {"uv": [4, 2, 2, 4], "rotation": 90, "texture": "#1"}
			}
		},
		{
			"from": [1, 1, 0],
			"to": [4, 15, 2],
			"shade": false,
			"faces": {
				"north": {"uv": [4, 1, 1, 15], "texture": "#4"},
				"east": {"uv": [4, 3, 2, 14], "texture": "#8"},
				"south": {"uv": [4, 5, 2, 9], "texture": "#2"},
				"west": {"uv": [4, 5, 2, 9], "texture": "#2"},
				"up": {"uv": [2, 4, 6, 2], "rotation": 180, "texture": "#3"},
				"down": {"uv": [2, 4, 4, 2], "rotation": 180, "texture": "#1"}
			}
		},
		{
			"from": [1, 0, 1],
			"to": [15, 2, 4],
			"shade": false,
			"faces": {
				"north": {"uv": [2, 5, 4, 9], "rotation": 90, "texture": "#8"},
				"east": {"uv": [2, 2, 4, 4], "texture": "#8"},
				"south": {"uv": [2, 3, 4, 14], "rotation": 270, "texture": "#2"},
				"west": {"uv": [2, 2, 6, 4], "rotation": 180, "texture": "#2"},
				"up": {"uv": [2, 5, 4, 9], "rotation": 270, "texture": "#2"},
				"down": {"uv": [1, 1, 4, 15], "rotation": 270, "texture": "#5"}
			}
		},
		{
			"from": [12, 14, 4],
			"to": [15, 16, 12],
			"shade": false,
			"faces": {
				"north": {"uv": [1, 1, 5, 15], "rotation": 90, "texture": "#8"},
				"east": {"uv": [2, 2, 5, 4], "rotation": 180, "texture": "#8"},
				"south": {"uv": [2, 5, 4, 9], "rotation": 270, "texture": "#2"},
				"west": {"uv": [4, 2, 8, 4], "texture": "#2"},
				"up": {"uv": [4, 12, 12, 15], "rotation": 270, "texture": "#7"},
				"down": {"uv": [2, 5, 4, 9], "rotation": 270, "texture": "#2"}
			}
		},
		{
			"from": [14, 1, 4],
			"to": [16, 4, 12],
			"shade": false,
			"faces": {
				"north": {"uv": [1, 1, 5, 15], "texture": "#8"},
				"east": {"uv": [4, 12, 12, 15], "texture": "#4"},
				"south": {"uv": [2, 5, 4, 9], "texture": "#2"},
				"west": {"uv": [2, 5, 4, 9], "texture": "#2"},
				"up": {"uv": [4, 2, 8, 4], "rotation": 90, "texture": "#3"},
				"down": {"uv": [2, 2, 5, 4], "rotation": 270, "texture": "#1"}
			}
		},
		{
			"from": [4, 1, 14],
			"to": [12, 4, 16],
			"shade": false,
			"faces": {
				"north": {"uv": [2, 5, 4, 9], "texture": "#2"},
				"east": {"uv": [1, 1, 5, 15], "texture": "#8"},
				"south": {"uv": [4, 12, 12, 15], "texture": "#6"},
				"west": {"uv": [2, 5, 4, 9], "texture": "#2"},
				"up": {"uv": [4, 2, 8, 4], "rotation": 180, "texture": "#3"},
				"down": {"uv": [2, 2, 5, 4], "rotation": 180, "texture": "#1"}
			}
		},
		{
			"from": [0, 1, 4],
			"to": [2, 4, 12],
			"shade": false,
			"faces": {
				"north": {"uv": [5, 1, 1, 15], "texture": "#8"},
				"east": {"uv": [4, 5, 2, 9], "texture": "#2"},
				"south": {"uv": [4, 5, 2, 9], "texture": "#2"},
				"west": {"uv": [12, 12, 4, 15], "texture": "#6"},
				"up": {"uv": [8, 2, 4, 4], "rotation": 270, "texture": "#3"},
				"down": {"uv": [5, 2, 2, 4], "rotation": 90, "texture": "#1"}
			}
		},
		{
			"from": [4, 1, 0],
			"to": [12, 4, 2],
			"shade": false,
			"faces": {
				"north": {"uv": [12, 12, 4, 15], "texture": "#4"},
				"east": {"uv": [5, 1, 1, 15], "texture": "#8"},
				"south": {"uv": [4, 5, 2, 9], "texture": "#2"},
				"west": {"uv": [4, 5, 2, 9], "texture": "#2"},
				"up": {"uv": [4, 4, 8, 2], "rotation": 180, "texture": "#3"},
				"down": {"uv": [2, 4, 5, 2], "rotation": 180, "texture": "#1"}
			}
		},
		{
			"from": [12, 0, 4],
			"to": [15, 2, 12],
			"shade": false,
			"faces": {
				"north": {"uv": [2, 5, 4, 9], "rotation": 90, "texture": "#2"},
				"east": {"uv": [2, 2, 5, 4], "texture": "#8"},
				"south": {"uv": [1, 1, 5, 15], "rotation": 270, "texture": "#8"},
				"west": {"uv": [4, 2, 8, 4], "rotation": 180, "texture": "#2"},
				"up": {"uv": [2, 5, 4, 9], "rotation": 270, "texture": "#2"},
				"down": {"uv": [4, 12, 12, 15], "rotation": 270, "texture": "#5"}
			}
		},
		{
			"from": [1, 14, 4],
			"to": [4, 16, 12],
			"shade": false,
			"faces": {
				"north": {"uv": [1, 1, 5, 15], "rotation": 90, "texture": "#8"},
				"east": {"uv": [2, 2, 5, 4], "rotation": 180, "texture": "#8"},
				"south": {"uv": [2, 5, 4, 9], "rotation": 270, "texture": "#2"},
				"west": {"uv": [4, 2, 8, 4], "texture": "#2"},
				"up": {"uv": [4, 1, 12, 4], "rotation": 270, "texture": "#7"},
				"down": {"uv": [2, 5, 4, 9], "rotation": 270, "texture": "#2"}
			}
		},
		{
			"from": [7, 1, 5],
			"to": [9, 15, 11],
			"shade": false,
			"faces": {
				"north": {"uv": [1, 1, 5, 15], "rotation": 90, "texture": "#8"},
				"east": {"uv": [2, 2, 5, 4], "rotation": 180, "texture": "#8"},
				"south": {"uv": [2, 5, 4, 9], "rotation": 270, "texture": "#2"},
				"west": {"uv": [4, 2, 8, 4], "texture": "#2"},
				"up": {"uv": [5, 7, 11, 9], "rotation": 270, "texture": "#7"},
				"down": {"uv": [5, 7, 11, 9], "rotation": 270, "texture": "#5"}
			}
		},
		{
			"from": [1, 7, 5],
			"to": [15, 9, 11],
			"shade": false,
			"faces": {
				"north": {"uv": [2, 2, 4, 13], "texture": "#8"},
				"east": {"uv": [5, 7, 11, 9], "texture": "#7"},
				"south": {"uv": [2, 5, 4, 9], "texture": "#2"},
				"west": {"uv": [5, 7, 11, 9], "texture": "#6"},
				"up": {"uv": [4, 2, 8, 4], "rotation": 90, "texture": "#3"},
				"down": {"uv": [2, 2, 5, 4], "rotation": 270, "texture": "#1"}
			}
		},
		{
			"from": [5, 7, 1],
			"to": [11, 9, 15],
			"shade": false,
			"faces": {
				"north": {"uv": [11, 7, 5, 9], "texture": "#7"},
				"east": {"uv": [4, 2, 2, 13], "texture": "#8"},
				"south": {"uv": [11, 7, 5, 9], "texture": "#6"},
				"west": {"uv": [4, 5, 2, 9], "texture": "#2"},
				"up": {"uv": [4, 4, 8, 2], "rotation": 180, "texture": "#3"},
				"down": {"uv": [2, 4, 5, 2], "rotation": 180, "texture": "#1"}
			}
		},
		{
			"from": [7, 1, 5],
			"to": [9, 15, 11],
			"shade": false,
			"faces": {
				"north": {"uv": [1, 1, 5, 15], "rotation": 90, "texture": "#8"},
				"east": {"uv": [2, 2, 5, 4], "rotation": 180, "texture": "#8"},
				"south": {"uv": [2, 5, 4, 9], "rotation": 270, "texture": "#2"},
				"west": {"uv": [4, 2, 8, 4], "texture": "#2"},
				"up": {"uv": [5, 7, 11, 9], "rotation": 270, "texture": "#7"},
				"down": {"uv": [5, 7, 11, 9], "rotation": 270, "texture": "#5"}
			}
		},
		{
			"from": [5, 1, 7],
			"to": [11, 15, 9],
			"shade": false,
			"faces": {
				"north": {"uv": [3, 12, 4, 14], "rotation": 90, "texture": "#8"},
				"east": {"uv": [2, 2, 5, 4], "rotation": 180, "texture": "#8"},
				"south": {"uv": [2, 5, 4, 9], "rotation": 270, "texture": "#2"},
				"west": {"uv": [4, 2, 8, 4], "texture": "#2"},
				"up": {"uv": [7, 5, 9, 11], "rotation": 270, "texture": "#7"},
				"down": {"uv": [7, 5, 9, 11], "rotation": 270, "texture": "#5"}
			}
		},
		{
			"from": [1, 5, 7],
			"to": [15, 11, 9],
			"shade": false,
			"faces": {
				"north": {"uv": [3, 12, 4, 14], "texture": "#8"},
				"east": {"uv": [7, 5, 9, 11], "texture": "#7"},
				"south": {"uv": [2, 5, 4, 9], "texture": "#2"},
				"west": {"uv": [7, 5, 9, 11], "texture": "#6"},
				"up": {"uv": [4, 2, 8, 4], "rotation": 90, "texture": "#3"},
				"down": {"uv": [2, 2, 5, 4], "rotation": 270, "texture": "#1"}
			}
		},
		{
			"from": [7, 5, 1],
			"to": [9, 11, 15],
			"shade": false,
			"faces": {
				"north": {"uv": [9, 5, 7, 11], "texture": "#7"},
				"east": {"uv": [4, 12, 3, 14], "texture": "#8"},
				"south": {"uv": [9, 5, 7, 11], "texture": "#6"},
				"west": {"uv": [4, 5, 2, 9], "texture": "#2"},
				"up": {"uv": [4, 4, 8, 2], "rotation": 180, "texture": "#3"},
				"down": {"uv": [2, 4, 5, 2], "rotation": 180, "texture": "#1"}
			}
		},
		{
			"from": [5, 1, 7],
			"to": [11, 15, 9],
			"shade": false,
			"faces": {
				"north": {"uv": [3, 12, 4, 14], "rotation": 90, "texture": "#8"},
				"east": {"uv": [2, 2, 5, 4], "rotation": 180, "texture": "#8"},
				"south": {"uv": [2, 5, 4, 9], "rotation": 270, "texture": "#2"},
				"west": {"uv": [4, 2, 8, 4], "texture": "#2"},
				"up": {"uv": [7, 5, 9, 11], "rotation": 270, "texture": "#7"},
				"down": {"uv": [7, 5, 9, 11], "rotation": 270, "texture": "#5"}
			}
		},
		{
			"from": [5, 1, 7],
			"to": [11, 15, 9],
			"shade": false,
			"faces": {
				"north": {"uv": [1, 1, 5, 15], "rotation": 90, "texture": "#8"},
				"east": {"uv": [2, 2, 5, 4], "rotation": 180, "texture": "#8"},
				"south": {"uv": [2, 5, 4, 9], "rotation": 270, "texture": "#2"},
				"west": {"uv": [4, 2, 8, 4], "texture": "#2"},
				"up": {"uv": [7, 5, 9, 11], "rotation": 270, "texture": "#7"},
				"down": {"uv": [7, 5, 9, 11], "rotation": 270, "texture": "#5"}
			}
		},
		{
			"from": [14, 12, 4],
			"to": [16, 15, 12],
			"shade": false,
			"faces": {
				"north": {"uv": [1, 1, 5, 15], "texture": "#8"},
				"east": {"uv": [4, 1, 12, 4], "texture": "#4"},
				"south": {"uv": [2, 5, 4, 9], "texture": "#2"},
				"west": {"uv": [2, 5, 4, 9], "texture": "#2"},
				"up": {"uv": [4, 2, 8, 4], "rotation": 90, "texture": "#3"},
				"down": {"uv": [2, 2, 5, 4], "rotation": 270, "texture": "#1"}
			}
		},
		{
			"from": [4, 12, 14],
			"to": [12, 15, 16],
			"shade": false,
			"faces": {
				"north": {"uv": [2, 5, 4, 9], "texture": "#2"},
				"east": {"uv": [1, 1, 5, 15], "texture": "#8"},
				"south": {"uv": [4, 1, 12, 4], "texture": "#6"},
				"west": {"uv": [2, 5, 4, 9], "texture": "#2"},
				"up": {"uv": [4, 2, 8, 4], "rotation": 180, "texture": "#3"},
				"down": {"uv": [2, 2, 5, 4], "rotation": 180, "texture": "#1"}
			}
		},
		{
			"from": [0, 12, 4],
			"to": [2, 15, 12],
			"shade": false,
			"faces": {
				"north": {"uv": [5, 1, 1, 15], "texture": "#8"},
				"east": {"uv": [4, 5, 2, 9], "texture": "#2"},
				"south": {"uv": [4, 5, 2, 9], "texture": "#2"},
				"west": {"uv": [12, 1, 4, 4], "texture": "#6"},
				"up": {"uv": [8, 2, 4, 4], "rotation": 270, "texture": "#3"},
				"down": {"uv": [5, 2, 2, 4], "rotation": 90, "texture": "#1"}
			}
		},
		{
			"from": [4, 12, 0],
			"to": [12, 15, 2],
			"shade": false,
			"faces": {
				"north": {"uv": [12, 1, 4, 4], "texture": "#4"},
				"east": {"uv": [5, 1, 1, 15], "texture": "#8"},
				"south": {"uv": [4, 5, 2, 9], "texture": "#2"},
				"west": {"uv": [4, 5, 2, 9], "texture": "#2"},
				"up": {"uv": [4, 4, 8, 2], "rotation": 180, "texture": "#3"},
				"down": {"uv": [2, 4, 5, 2], "rotation": 180, "texture": "#1"}
			}
		},
		{
			"from": [1, 0, 4],
			"to": [4, 2, 12],
			"shade": false,
			"faces": {
				"north": {"uv": [2, 5, 4, 9], "rotation": 90, "texture": "#2"},
				"east": {"uv": [2, 2, 5, 4], "texture": "#8"},
				"south": {"uv": [1, 1, 5, 15], "rotation": 270, "texture": "#8"},
				"west": {"uv": [4, 2, 8, 4], "rotation": 180, "texture": "#2"},
				"up": {"uv": [2, 5, 4, 9], "rotation": 270, "texture": "#2"},
				"down": {"uv": [4, 1, 12, 4], "rotation": 270, "texture": "#5"}
			}
		}
	],
	"display": {
		"head": {
			"translation": [0, -36.5, 0],
			"scale": [0.8, 0.8, 0.8]
		}
	}
}