{
	"credit": "Made with Blockbench",
	"textures": {
		"4": "custom/bricks1",
		"5": "custom/bricks_side2",
		"8": "custom/ugly_brick_thing",
		"9": "custom/ugly_brick_thing2",
		"10": "custom/bricks_bottom",
		"11": "custom/bricks_top",
		"particle": "custom/brick_top1",
		"1_9": "custom/cube"
	},
	"elements": [
		{
			"from": [0, -3, 0],
			"to": [16, 6, 16],
			"shade": false,
			"faces": {
				"north": {"uv": [0, 8, 16, 16], "texture": "#4", "cullface": "east"},
				"east": {"uv": [0, 8, 16, 16], "texture": "#4", "cullface": "east"},
				"south": {"uv": [0, 0, 16, 8], "texture": "#5", "cullface": "south"},
				"west": {"uv": [0, 0, 16, 8], "texture": "#5", "cullface": "south"},
				"up": {"uv": [0, 0, 16, 16], "texture": "#11", "cullface": "up"},
				"down": {"uv": [0, 0, 16, 16], "texture": "#10", "cullface": "down"}
			}
		},
		{
			"from": [0, 16, 0],
			"to": [16, 27, 16],
			"shade": false,
			"faces": {
				"north": {"uv": [0, 0, 16, 11], "texture": "#4", "cullface": "south"},
				"east": {"uv": [0, 0, 16, 11], "texture": "#4", "cullface": "south"},
				"south": {"uv": [0, 0, 16, 11], "texture": "#5", "cullface": "south"},
				"west": {"uv": [0, 0, 16, 11], "texture": "#5", "cullface": "south"},
				"up": {"uv": [0, 0, 16, 16], "texture": "#11", "cullface": "up"},
				"down": {"uv": [0, 0, 16, 16], "texture": "#10", "cullface": "down"}
			}
		},
		{
			"from": [13, -8, 13],
			"to": [17, -4, 17],
			"shade": false,
			"faces": {
				"north": {"uv": [5, 4.5, 7, 6.5], "texture": "#9", "cullface": "east"},
				"east": {"uv": [5, 4.5, 7, 6.5], "texture": "#9", "cullface": "east"},
				"south": {"uv": [2.5, 4.5, 4.5, 6.5], "texture": "#9", "cullface": "east"},
				"west": {"uv": [2.5, 4.5, 4.5, 6.5], "texture": "#9", "cullface": "east"},
				"up": {"uv": [3.5, 7, 5.5, 9], "texture": "#8", "cullface": "east"},
				"down": {"uv": [2.5, 4.5, 4.5, 6.5], "texture": "#9", "cullface": "east"}
			}
		},
		{
			"from": [-1, -8, 13],
			"to": [3, -4, 17],
			"shade": false,
			"faces": {
				"north": {"uv": [5, 4.5, 7, 6.5], "texture": "#9", "cullface": "east"},
				"east": {"uv": [5, 4.5, 7, 6.5], "texture": "#9", "cullface": "east"},
				"south": {"uv": [2.5, 4.5, 4.5, 6.5], "texture": "#9", "cullface": "east"},
				"west": {"uv": [2.5, 4.5, 4.5, 6.5], "texture": "#9", "cullface": "east"},
				"up": {"uv": [3.5, 7, 5.5, 9], "texture": "#8", "cullface": "east"},
				"down": {"uv": [2.5, 4.5, 4.5, 6.5], "texture": "#9", "cullface": "east"}
			}
		},
		{
			"from": [-1, -8, -1],
			"to": [3, -4, 3],
			"shade": false,
			"faces": {
				"north": {"uv": [5, 4.5, 7, 6.5], "texture": "#9", "cullface": "east"},
				"east": {"uv": [5, 4.5, 7, 6.5], "texture": "#9", "cullface": "east"},
				"south": {"uv": [2.5, 4.5, 4.5, 6.5], "texture": "#9", "cullface": "east"},
				"west": {"uv": [2.5, 4.5, 4.5, 6.5], "texture": "#9", "cullface": "east"},
				"up": {"uv": [3.5, 7, 5.5, 9], "texture": "#8", "cullface": "east"},
				"down": {"uv": [2.5, 4.5, 4.5, 6.5], "texture": "#9", "cullface": "east"}
			}
		},
		{
			"from": [13, -8, -1],
			"to": [17, -4, 3],
			"shade": false,
			"faces": {
				"north": {"uv": [5, 4.5, 7, 6.5], "texture": "#9", "cullface": "east"},
				"east": {"uv": [5, 4.5, 7, 6.5], "texture": "#9", "cullface": "east"},
				"south": {"uv": [2.5, 4.5, 4.5, 6.5], "texture": "#9", "cullface": "east"},
				"west": {"uv": [2.5, 4.5, 4.5, 6.5], "texture": "#9", "cullface": "east"},
				"up": {"uv": [3.5, 7, 5.5, 9], "texture": "#8", "cullface": "east"},
				"down": {"uv": [2.5, 4.5, 4.5, 6.5], "texture": "#9", "cullface": "east"}
			}
		},
		{
			"from": [13, 24, -1],
			"to": [17, 28, 3],
			"shade": false,
			"faces": {
				"north": {"uv": [5, 4.5, 7, 6.5], "texture": "#9", "cullface": "east"},
				"east": {"uv": [5, 4.5, 7, 6.5], "texture": "#9", "cullface": "east"},
				"south": {"uv": [2.5, 4.5, 4.5, 6.5], "texture": "#9", "cullface": "east"},
				"west": {"uv": [2.5, 4.5, 4.5, 6.5], "texture": "#9", "cullface": "east"},
				"up": {"uv": [3.5, 7, 5.5, 9], "texture": "#8", "cullface": "east"},
				"down": {"uv": [2.5, 4.5, 4.5, 6.5], "texture": "#9", "cullface": "east"}
			}
		},
		{
			"from": [13, 24, 13],
			"to": [17, 28, 17],
			"shade": false,
			"faces": {
				"north": {"uv": [5, 4.5, 7, 6.5], "texture": "#9", "cullface": "east"},
				"east": {"uv": [5, 4.5, 7, 6.5], "texture": "#9", "cullface": "east"},
				"south": {"uv": [2.5, 4.5, 4.5, 6.5], "texture": "#9", "cullface": "east"},
				"west": {"uv": [2.5, 4.5, 4.5, 6.5], "texture": "#9", "cullface": "east"},
				"up": {"uv": [3.5, 7, 5.5, 9], "texture": "#8", "cullface": "east"},
				"down": {"uv": [2.5, 4.5, 4.5, 6.5], "texture": "#9", "cullface": "east"}
			}
		},
		{
			"from": [-1, 24, 13],
			"to": [3, 28, 17],
			"shade": false,
			"faces": {
				"north": {"uv": [5, 4.5, 7, 6.5], "texture": "#9", "cullface": "east"},
				"east": {"uv": [5, 4.5, 7, 6.5], "texture": "#9", "cullface": "east"},
				"south": {"uv": [2.5, 4.5, 4.5, 6.5], "texture": "#9", "cullface": "east"},
				"west": {"uv": [2.5, 4.5, 4.5, 6.5], "texture": "#9", "cullface": "east"},
				"up": {"uv": [3.5, 7, 5.5, 9], "texture": "#8", "cullface": "east"},
				"down": {"uv": [2.5, 4.5, 4.5, 6.5], "texture": "#9", "cullface": "east"}
			}
		},
		{
			"from": [-1, 24, -1],
			"to": [3, 28, 3],
			"shade": false,
			"faces": {
				"north": {"uv": [5, 4.5, 7, 6.5], "texture": "#9", "cullface": "east"},
				"east": {"uv": [5, 4.5, 7, 6.5], "texture": "#9", "cullface": "east"},
				"south": {"uv": [2.5, 4.5, 4.5, 6.5], "texture": "#9", "cullface": "east"},
				"west": {"uv": [2.5, 4.5, 4.5, 6.5], "texture": "#9", "cullface": "east"},
				"up": {"uv": [3.5, 7, 5.5, 9], "texture": "#8", "cullface": "east"},
				"down": {"uv": [2.5, 4.5, 4.5, 6.5], "texture": "#9", "cullface": "east"}
			}
		},
		{
			"from": [-3, -4, -3],
			"to": [19, 4, 19],
			"shade": false,
			"faces": {
				"north": {"uv": [2.5, 12, 13.5, 16], "texture": "#9", "cullface": "north"},
				"east": {"uv": [2.5, 12, 13.5, 16], "texture": "#9", "cullface": "north"},
				"south": {"uv": [2.5, 8, 13.5, 12], "texture": "#9", "cullface": "north"},
				"west": {"uv": [2.5, 8, 13.5, 12], "texture": "#9", "cullface": "north"},
				"up": {"uv": [0, 0, 16, 16], "texture": "#11", "cullface": "north"},
				"down": {"uv": [0, 0, 16, 16], "texture": "#10", "cullface": "down"}
			}
		},
		{
			"from": [-3, 18, -3],
			"to": [19, 25, 19],
			"shade": false,
			"faces": {
				"north": {"uv": [2.5, 12, 13.5, 15.5], "texture": "#9", "cullface": "north"},
				"east": {"uv": [2.5, 12, 13.5, 15.5], "texture": "#9", "cullface": "north"},
				"south": {"uv": [2.5, 8, 13.5, 11.5], "texture": "#9", "cullface": "north"},
				"west": {"uv": [2.5, 8, 13.5, 11.5], "texture": "#9", "cullface": "north"},
				"up": {"uv": [0, 0, 16, 16], "texture": "#11", "cullface": "north"},
				"down": {"uv": [0, 0, 16, 16], "texture": "#10", "cullface": "down"}
			}
		},
		{
			"from": [4, 1, 4],
			"to": [12, 17, 12],
			"shade": false,
			"faces": {
				"north": {"uv": [5, 5, 11, 11], "texture": "#1_9", "cullface": "east"},
				"east": {"uv": [5, 5, 11, 11], "texture": "#1_9", "cullface": "east"},
				"south": {"uv": [5, 5, 11, 11], "texture": "#1_9", "cullface": "east"},
				"west": {"uv": [5, 5, 11, 11], "texture": "#1_9", "cullface": "east"},
				"up": {"uv": [5, 5, 11, 11], "texture": "#1_9", "cullface": "east"},
				"down": {"uv": [5, 5, 11, 11], "texture": "#1_9", "cullface": "east"}
			}
		},
		{
			"from": [-1, 4, -1],
			"to": [3, 18, 3],
			"shade": false,
			"faces": {
				"north": {"uv": [5, 5, 7, 6], "texture": "#9", "cullface": "east"},
				"east": {"uv": [5, 5, 7, 6], "texture": "#9", "cullface": "east"},
				"south": {"uv": [2.5, 5, 4.5, 6], "texture": "#9", "cullface": "east"},
				"west": {"uv": [2.5, 5, 4.5, 6], "texture": "#9", "cullface": "east"},
				"up": {"uv": [3.5, 7, 5.5, 9], "texture": "#8", "cullface": "east"},
				"down": {"uv": [3.5, 7, 5.5, 9], "texture": "#8", "cullface": "east"}
			}
		},
		{
			"from": [-1, 4, 13],
			"to": [3, 18, 17],
			"shade": false,
			"faces": {
				"north": {"uv": [5, 5, 7, 6], "texture": "#9", "cullface": "east"},
				"east": {"uv": [5, 5, 7, 6], "texture": "#9", "cullface": "east"},
				"south": {"uv": [2.5, 5, 4.5, 6], "texture": "#9", "cullface": "east"},
				"west": {"uv": [2.5, 5, 4.5, 6], "texture": "#9", "cullface": "east"},
				"up": {"uv": [3.5, 7, 5.5, 9], "texture": "#8", "cullface": "east"},
				"down": {"uv": [3.5, 7, 5.5, 9], "texture": "#8", "cullface": "east"}
			}
		},
		{
			"from": [13, 4, -1],
			"to": [17, 18, 3],
			"shade": false,
			"faces": {
				"north": {"uv": [5, 5, 7, 6], "texture": "#9", "cullface": "east"},
				"east": {"uv": [5, 5, 7, 6], "texture": "#9", "cullface": "east"},
				"south": {"uv": [2.5, 5, 4.5, 6], "texture": "#9", "cullface": "east"},
				"west": {"uv": [2.5, 5, 4.5, 6], "texture": "#9", "cullface": "east"},
				"up": {"uv": [3.5, 7, 5.5, 9], "texture": "#8", "cullface": "east"},
				"down": {"uv": [3.5, 7, 5.5, 9], "texture": "#8", "cullface": "east"}
			}
		},
		{
			"from": [13, 4, 13],
			"to": [17, 18, 17],
			"shade": false,
			"faces": {
				"north": {"uv": [5, 5, 7, 6], "texture": "#9", "cullface": "east"},
				"east": {"uv": [5, 5, 7, 6], "texture": "#9", "cullface": "east"},
				"south": {"uv": [2.5, 5, 4.5, 6], "texture": "#9", "cullface": "east"},
				"west": {"uv": [2.5, 5, 4.5, 6], "texture": "#9", "cullface": "east"},
				"up": {"uv": [3.5, 7, 5.5, 9], "texture": "#8", "cullface": "east"},
				"down": {"uv": [3.5, 7, 5.5, 9], "texture": "#8", "cullface": "east"}
			}
		},
		{
			"from": [-3, 18, -6],
			"to": [19, 22, -3],
			"shade": false,
			"faces": {
				"north": {"uv": [2.5, 12, 13.5, 13.5], "texture": "#9", "cullface": "north"},
				"east": {"uv": [12, 12, 13.5, 13.5], "texture": "#9", "cullface": "north"},
				"south": {"uv": [2.5, 8, 13.5, 9.5], "texture": "#9", "cullface": "north"},
				"west": {"uv": [2.5, 8, 4, 9.5], "texture": "#9", "cullface": "north"},
				"up": {"uv": [9, 3, 10, 4], "texture": "#11", "cullface": "north"},
				"down": {"uv": [0, 0, 16, 16], "texture": "#10", "cullface": "down"}
			}
		},
		{
			"from": [19, 18, -3],
			"to": [22, 22, 19],
			"shade": false,
			"faces": {
				"north": {"uv": [2.5, 12, 4, 13.5], "texture": "#9", "cullface": "north"},
				"east": {"uv": [2.5, 12, 13.5, 13.5], "texture": "#9", "cullface": "north"},
				"south": {"uv": [12, 8, 13.5, 9.5], "texture": "#9", "cullface": "north"},
				"west": {"uv": [2.5, 8, 13.5, 9.5], "texture": "#9", "cullface": "north"},
				"up": {"uv": [9, 3, 10, 4], "rotation": 90, "texture": "#11", "cullface": "north"},
				"down": {"uv": [0, 0, 16, 16], "rotation": 270, "texture": "#10", "cullface": "down"}
			}
		},
		{
			"from": [-3, 18, 19],
			"to": [19, 22, 22],
			"shade": false,
			"faces": {
				"north": {"uv": [2.5, 12, 13.5, 13.5], "texture": "#9", "cullface": "north"},
				"east": {"uv": [2.5, 12, 4, 13.5], "texture": "#9", "cullface": "north"},
				"south": {"uv": [2.5, 8, 13.5, 9.5], "texture": "#9", "cullface": "north"},
				"west": {"uv": [12, 8, 13.5, 9.5], "texture": "#9", "cullface": "north"},
				"up": {"uv": [9, 3, 10, 4], "texture": "#11", "cullface": "north"},
				"down": {"uv": [0, 0, 16, 16], "texture": "#10", "cullface": "down"}
			}
		},
		{
			"from": [-6, 18, -3],
			"to": [-3, 22, 19],
			"shade": false,
			"faces": {
				"north": {"uv": [12, 8, 13.5, 9.5], "texture": "#9", "cullface": "north"},
				"east": {"uv": [2.5, 12, 13.5, 13.5], "texture": "#9", "cullface": "north"},
				"south": {"uv": [2.5, 8, 4, 9.5], "texture": "#9", "cullface": "north"},
				"west": {"uv": [2.5, 8, 13.5, 9.5], "texture": "#9", "cullface": "north"},
				"up": {"uv": [9, 3, 10, 4], "rotation": 90, "texture": "#11", "cullface": "north"},
				"down": {"uv": [0, 0, 16, 16], "rotation": 270, "texture": "#10", "cullface": "down"}
			}
		}
	],
	"groups": [0, 1, 2, 3, 4, 5, 6, 7, 8, 9, 10, 11,
		{
			"name": "laser_off",
			"origin": [8, 8, 8],
			"children": [12, 13, 14, 15, 16, 17, 18, 19, 20]
		}
	]
}