{
	"credit": "Made with Blockbench",
	"textures": {
		"1": "custom/cube4_bottom",
		"2": "custom/cube4_side",
		"3": "custom/cube4_top",
		"8": "custom/cube4",
		"particle": "custom/cube4_bottom"
	},
	"elements": [
		{
			"from": [16.4, -5.6, -1.8],
			"to": [19.2, 14, 3.8],
			"shade": false,
			"rotation": {"angle": 0, "axis": "y", "origin": [8, 11.2, 8]},
			"faces": {
				"north": {"uv": [2, 2, 4, 12], "texture": "#8"},
				"east": {"uv": [11, 1, 15, 15], "texture": "#8"},
				"south": {"uv": [2, 5, 4, 9], "texture": "#2"},
				"west": {"uv": [2, 5, 4, 9], "texture": "#2"},
				"up": {"uv": [2, 2, 6, 4], "rotation": 90, "texture": "#3"},
				"down": {"uv": [2, 2, 4, 4], "rotation": 270, "texture": "#1"}
			}
		},
		{
			"from": [-1.8, -7, -1.8],
			"to": [17.8, -4.2, 3.8],
			"shade": false,
			"rotation": {"angle": 0, "axis": "y", "origin": [8, 11.2, 8]},
			"faces": {
				"north": {"uv": [2, 2, 4, 12], "rotation": 270, "texture": "#8"},
				"east": {"uv": [2, 2, 6, 4], "rotation": 180, "texture": "#8"},
				"south": {"uv": [2, 5, 4, 9], "rotation": 90, "texture": "#2"},
				"west": {"uv": [2, 2, 4, 4], "texture": "#2"},
				"up": {"uv": [2, 5, 4, 9], "rotation": 90, "texture": "#2"},
				"down": {"uv": [11, 1, 15, 15], "rotation": 90, "texture": "#1"}
			}
		},
		{
			"from": [-1.8, 12.6, -1.8],
			"to": [17.8, 15.4, 3.8],
			"shade": false,
			"rotation": {"angle": 0, "axis": "y", "origin": [8, 11.2, 8]},
			"faces": {
				"north": {"uv": [2, 2, 4, 12], "rotation": 90, "texture": "#8"},
				"east": {"uv": [2, 2, 4, 4], "rotation": 180, "texture": "#8"},
				"south": {"uv": [2, 5, 4, 9], "rotation": 270, "texture": "#2"},
				"west": {"uv": [2, 2, 6, 4], "texture": "#2"},
				"up": {"uv": [11, 1, 15, 15], "rotation": 270, "texture": "#3"},
				"down": {"uv": [2, 5, 4, 9], "rotation": 270, "texture": "#2"}
			}
		},
		{
			"from": [-1.8, -5.6, -3.2],
			"to": [3.8, 14, -0.4],
			"shade": false,
			"rotation": {"angle": 0, "axis": "y", "origin": [8, 11.2, 8]},
			"faces": {
				"north": {"uv": [11, 1, 15, 15], "texture": "#8"},
				"east": {"uv": [2, 5, 4, 9], "texture": "#8"},
				"south": {"uv": [2, 5, 4, 9], "texture": "#2"},
				"west": {"uv": [2, 2, 4, 12], "texture": "#2"},
				"up": {"uv": [2, 2, 6, 4], "texture": "#3"},
				"down": {"uv": [2, 2, 4, 4], "texture": "#1"}
			}
		},
		{
			"from": [12.2, -5.6, 16.4],
			"to": [17.8, 14, 19.2],
			"shade": false,
			"rotation": {"angle": 0, "axis": "y", "origin": [8, 11.2, 8]},
			"faces": {
				"north": {"uv": [2, 5, 4, 9], "texture": "#2"},
				"east": {"uv": [2, 2, 4, 12], "texture": "#8"},
				"south": {"uv": [11, 1, 15, 15], "texture": "#2"},
				"west": {"uv": [2, 5, 4, 9], "texture": "#2"},
				"up": {"uv": [2, 2, 6, 4], "rotation": 180, "texture": "#3"},
				"down": {"uv": [2, 2, 4, 4], "rotation": 180, "texture": "#1"}
			}
		},
		{
			"from": [-3.2, -5.6, 12.2],
			"to": [-0.4, 14, 17.8],
			"shade": false,
			"rotation": {"angle": 0, "axis": "y", "origin": [8, 11.2, 8]},
			"faces": {
				"north": {"uv": [2, 5, 4, 9], "texture": "#8"},
				"east": {"uv": [2, 5, 4, 9], "texture": "#2"},
				"south": {"uv": [2, 2, 4, 12], "texture": "#2"},
				"west": {"uv": [11, 1, 15, 15], "texture": "#2"},
				"up": {"uv": [2, 2, 6, 4], "rotation": 270, "texture": "#3"},
				"down": {"uv": [2, 2, 4, 4], "rotation": 90, "texture": "#1"}
			}
		},
		{
			"from": [16.4, -5.6, 12.2],
			"to": [19.2, 14, 17.8],
			"shade": false,
			"rotation": {"angle": 0, "axis": "y", "origin": [8, 11.2, 8]},
			"faces": {
				"north": {"uv": [2, 3, 4, 14], "texture": "#8"},
				"east": {"uv": [1, 1, 5, 15], "texture": "#8"},
				"south": {"uv": [2, 5, 4, 9], "texture": "#2"},
				"west": {"uv": [2, 5, 4, 9], "texture": "#2"},
				"up": {"uv": [2, 2, 6, 4], "rotation": 90, "texture": "#3"},
				"down": {"uv": [2, 2, 4, 4], "rotation": 270, "texture": "#1"}
			}
		},
		{
			"from": [-1.8, -7, 12.2],
			"to": [17.8, -4.2, 17.8],
			"shade": false,
			"rotation": {"angle": 0, "axis": "y", "origin": [8, 11.2, 8]},
			"faces": {
				"north": {"uv": [2, 3, 4, 14], "rotation": 270, "texture": "#8"},
				"east": {"uv": [2, 2, 6, 4], "rotation": 180, "texture": "#8"},
				"south": {"uv": [2, 5, 4, 9], "rotation": 90, "texture": "#2"},
				"west": {"uv": [2, 2, 4, 4], "texture": "#2"},
				"up": {"uv": [2, 5, 4, 9], "rotation": 90, "texture": "#2"},
				"down": {"uv": [1, 1, 5, 15], "rotation": 90, "texture": "#1"}
			}
		},
		{
			"from": [-1.8, 12.6, 12.2],
			"to": [17.8, 15.4, 17.8],
			"shade": false,
			"rotation": {"angle": 0, "axis": "y", "origin": [8, 11.2, 8]},
			"faces": {
				"north": {"uv": [2, 3, 4, 14], "rotation": 90, "texture": "#8"},
				"east": {"uv": [2, 2, 4, 4], "rotation": 180, "texture": "#8"},
				"south": {"uv": [2, 5, 4, 9], "rotation": 270, "texture": "#2"},
				"west": {"uv": [2, 2, 6, 4], "texture": "#2"},
				"up": {"uv": [1, 1, 5, 15], "rotation": 270, "texture": "#3"},
				"down": {"uv": [2, 5, 4, 9], "rotation": 270, "texture": "#2"}
			}
		},
		{
			"from": [12.2, -5.6, -3.2],
			"to": [17.8, 14, -0.4],
			"shade": false,
			"rotation": {"angle": 0, "axis": "y", "origin": [8, 11.2, 8]},
			"faces": {
				"north": {"uv": [1, 1, 5, 15], "texture": "#8"},
				"east": {"uv": [2, 5, 4, 9], "texture": "#8"},
				"south": {"uv": [2, 5, 4, 9], "texture": "#2"},
				"west": {"uv": [2, 3, 4, 14], "texture": "#2"},
				"up": {"uv": [2, 2, 6, 4], "texture": "#3"},
				"down": {"uv": [2, 2, 4, 4], "texture": "#1"}
			}
		},
		{
			"from": [-1.8, -5.6, 16.4],
			"to": [3.8, 14, 19.2],
			"shade": false,
			"rotation": {"angle": 0, "axis": "y", "origin": [8, 11.2, 8]},
			"faces": {
				"north": {"uv": [2, 5, 4, 9], "texture": "#2"},
				"east": {"uv": [2, 3, 4, 14], "texture": "#8"},
				"south": {"uv": [1, 1, 5, 15], "texture": "#2"},
				"west": {"uv": [2, 5, 4, 9], "texture": "#2"},
				"up": {"uv": [2, 2, 6, 4], "rotation": 180, "texture": "#3"},
				"down": {"uv": [2, 2, 4, 4], "rotation": 180, "texture": "#1"}
			}
		},
		{
			"from": [-3.2, -5.6, -1.8],
			"to": [-0.4, 14, 3.8],
			"shade": false,
			"rotation": {"angle": 0, "axis": "y", "origin": [8, 11.2, 8]},
			"faces": {
				"north": {"uv": [2, 5, 4, 9], "texture": "#8"},
				"east": {"uv": [2, 5, 4, 9], "texture": "#2"},
				"south": {"uv": [2, 3, 4, 14], "texture": "#2"},
				"west": {"uv": [1, 1, 5, 15], "texture": "#2"},
				"up": {"uv": [2, 2, 6, 4], "rotation": 270, "texture": "#3"},
				"down": {"uv": [2, 2, 4, 4], "rotation": 90, "texture": "#1"}
			}
		},
		{
			"from": [16.4, -5.6, 3.8],
			"to": [19.2, 0, 12.2],
			"shade": false,
			"rotation": {"angle": 0, "axis": "y", "origin": [8, 11.2, 8]},
			"faces": {
				"north": {"uv": [1, 1, 5, 15], "texture": "#8"},
				"east": {"uv": [5, 11, 11, 15], "texture": "#8"},
				"south": {"uv": [2, 5, 4, 9], "texture": "#2"},
				"west": {"uv": [2, 5, 4, 9], "texture": "#2"},
				"up": {"uv": [4, 2, 8, 4], "rotation": 90, "texture": "#3"},
				"down": {"uv": [2, 2, 5, 4], "rotation": 270, "texture": "#1"}
			}
		},
		{
			"from": [-1.8, -7, 3.8],
			"to": [3.8, -4.2, 12.2],
			"shade": false,
			"rotation": {"angle": 0, "axis": "y", "origin": [8, 11.2, 8]},
			"faces": {
				"north": {"uv": [1, 1, 5, 15], "rotation": 270, "texture": "#8"},
				"east": {"uv": [4, 2, 8, 4], "rotation": 180, "texture": "#3"},
				"south": {"uv": [2, 5, 4, 9], "rotation": 90, "texture": "#2"},
				"west": {"uv": [2, 2, 5, 4], "texture": "#2"},
				"up": {"uv": [2, 5, 4, 9], "rotation": 90, "texture": "#2"},
				"down": {"uv": [5, 11, 11, 15], "rotation": 90, "texture": "#1"}
			}
		},
		{
			"from": [12.2, 12.6, 3.8],
			"to": [17.8, 15.4, 12.2],
			"shade": false,
			"rotation": {"angle": 0, "axis": "y", "origin": [8, 11.2, 8]},
			"faces": {
				"north": {"uv": [1, 1, 5, 15], "rotation": 90, "texture": "#8"},
				"east": {"uv": [2, 2, 5, 4], "rotation": 180, "texture": "#8"},
				"south": {"uv": [2, 5, 4, 9], "rotation": 270, "texture": "#2"},
				"west": {"uv": [4, 2, 8, 4], "texture": "#2"},
				"up": {"uv": [5, 11, 11, 15], "rotation": 270, "texture": "#3"},
				"down": {"uv": [2, 5, 4, 9], "rotation": 270, "texture": "#2"}
			}
		},
		{
			"from": [3.8, -5.6, -3.2],
			"to": [12.2, 0, -0.4],
			"shade": false,
			"rotation": {"angle": 0, "axis": "y", "origin": [8, 11.2, 8]},
			"faces": {
				"north": {"uv": [5, 11, 11, 15], "texture": "#8"},
				"east": {"uv": [2, 5, 4, 9], "texture": "#2"},
				"south": {"uv": [2, 5, 4, 9], "texture": "#2"},
				"west": {"uv": [1, 1, 5, 15], "texture": "#8"},
				"up": {"uv": [4, 2, 8, 4], "texture": "#3"},
				"down": {"uv": [2, 2, 5, 4], "texture": "#1"}
			}
		},
		{
			"from": [3.8, -5.6, 16.4],
			"to": [12.2, 0, 19.2],
			"shade": false,
			"rotation": {"angle": 0, "axis": "y", "origin": [8, 11.2, 8]},
			"faces": {
				"north": {"uv": [2, 5, 4, 9], "texture": "#2"},
				"east": {"uv": [1, 1, 5, 15], "texture": "#8"},
				"south": {"uv": [5, 11, 11, 15], "texture": "#2"},
				"west": {"uv": [2, 5, 4, 9], "texture": "#2"},
				"up": {"uv": [4, 2, 8, 4], "rotation": 180, "texture": "#3"},
				"down": {"uv": [2, 2, 5, 4], "rotation": 180, "texture": "#1"}
			}
		},
		{
			"from": [-3.2, -5.6, 3.8],
			"to": [-0.4, 0, 12.2],
			"shade": false,
			"rotation": {"angle": 0, "axis": "y", "origin": [8, 11.2, 8]},
			"faces": {
				"north": {"uv": [2, 5, 4, 9], "texture": "#2"},
				"east": {"uv": [2, 5, 4, 9], "texture": "#2"},
				"south": {"uv": [1, 1, 5, 15], "texture": "#8"},
				"west": {"uv": [5, 11, 11, 15], "texture": "#2"},
				"up": {"uv": [4, 2, 8, 4], "rotation": 270, "texture": "#3"},
				"down": {"uv": [2, 2, 5, 4], "rotation": 90, "texture": "#1"}
			}
		},
		{
			"from": [16.4, 8.4, 3.8],
			"to": [19.2, 14, 12.2],
			"shade": false,
			"rotation": {"angle": 0, "axis": "y", "origin": [8, 11.2, 8]},
			"faces": {
				"north": {"uv": [1, 1, 5, 15], "texture": "#8"},
				"east": {"uv": [5, 1, 11, 5], "texture": "#8"},
				"south": {"uv": [2, 5, 4, 9], "texture": "#2"},
				"west": {"uv": [2, 5, 4, 9], "texture": "#2"},
				"up": {"uv": [4, 2, 8, 4], "rotation": 90, "texture": "#3"},
				"down": {"uv": [2, 2, 5, 4], "rotation": 270, "texture": "#1"}
			}
		},
		{
			"from": [12.2, -7, 3.8],
			"to": [17.8, -4.2, 12.2],
			"shade": false,
			"rotation": {"angle": 0, "axis": "y", "origin": [8, 11.2, 8]},
			"faces": {
				"north": {"uv": [1, 1, 5, 15], "rotation": 270, "texture": "#8"},
				"east": {"uv": [4, 2, 8, 4], "rotation": 180, "texture": "#8"},
				"south": {"uv": [2, 5, 4, 9], "rotation": 90, "texture": "#2"},
				"west": {"uv": [2, 2, 5, 4], "texture": "#1"},
				"up": {"uv": [2, 5, 4, 9], "rotation": 90, "texture": "#2"},
				"down": {"uv": [5, 1, 11, 5], "rotation": 90, "texture": "#1"}
			}
		},
		{
			"from": [-1.8, 12.6, 3.8],
			"to": [3.8, 15.4, 12.2],
			"shade": false,
			"rotation": {"angle": 0, "axis": "y", "origin": [8, 11.2, 8]},
			"faces": {
				"north": {"uv": [1, 1, 5, 15], "rotation": 90, "texture": "#8"},
				"east": {"uv": [2, 2, 5, 4], "rotation": 180, "texture": "#8"},
				"south": {"uv": [2, 5, 4, 9], "rotation": 270, "texture": "#2"},
				"west": {"uv": [4, 2, 8, 4], "texture": "#2"},
				"up": {"uv": [5, 1, 11, 5], "rotation": 270, "texture": "#3"},
				"down": {"uv": [2, 5, 4, 9], "rotation": 270, "texture": "#2"}
			}
		},
		{
			"from": [3.8, 8.4, -3.2],
			"to": [12.2, 14, -0.4],
			"shade": false,
			"rotation": {"angle": 0, "axis": "y", "origin": [8, 11.2, 8]},
			"faces": {
				"north": {"uv": [5, 1, 11, 5], "texture": "#8"},
				"east": {"uv": [2, 5, 4, 9], "texture": "#2"},
				"south": {"uv": [2, 5, 4, 9], "texture": "#2"},
				"west": {"uv": [1, 1, 5, 15], "texture": "#8"},
				"up": {"uv": [4, 2, 8, 4], "texture": "#3"},
				"down": {"uv": [2, 2, 5, 4], "texture": "#1"}
			}
		},
		{
			"from": [3.8, 8.4, 16.4],
			"to": [12.2, 14, 19.2],
			"shade": false,
			"rotation": {"angle": 0, "axis": "y", "origin": [8, 11.2, 8]},
			"faces": {
				"north": {"uv": [2, 5, 4, 9], "texture": "#2"},
				"east": {"uv": [1, 1, 5, 15], "texture": "#8"},
				"south": {"uv": [5, 1, 11, 5], "texture": "#2"},
				"west": {"uv": [2, 5, 4, 9], "texture": "#2"},
				"up": {"uv": [4, 2, 8, 4], "rotation": 180, "texture": "#3"},
				"down": {"uv": [2, 2, 5, 4], "rotation": 180, "texture": "#1"}
			}
		},
		{
			"from": [-3.2, 8.4, 3.8],
			"to": [-0.4, 14, 12.2],
			"shade": false,
			"rotation": {"angle": 0, "axis": "y", "origin": [8, 11.2, 8]},
			"faces": {
				"north": {"uv": [2, 5, 4, 9], "texture": "#2"},
				"east": {"uv": [2, 5, 4, 9], "texture": "#2"},
				"south": {"uv": [1, 1, 5, 15], "texture": "#8"},
				"west": {"uv": [5, 1, 11, 5], "texture": "#2"},
				"up": {"uv": [4, 2, 8, 4], "rotation": 270, "texture": "#3"},
				"down": {"uv": [2, 2, 5, 4], "rotation": 90, "texture": "#1"}
			}
		}
	],
	"display": {
		"head": {
			"translation": [0, -47, 0],
			"scale": [0.8, 0.8, 0.8]
		}
	}
}