{
	"credit": "Made with Blockbench",
	"textures": {
		"4": "custom/brick_bottom",
		"5": "custom/brick_side1",
		"6": "custom/brick_top1",
		"7": "custom/brick1",
		"8": "custom/ugly_brick_thing",
		"9": "custom/pillar1",
		"10": "custom/cube",
		"11": "custom/pillar2",
		"particle": "custom/brick_top1"
	},
	"elements": [
		{
			"from": [0, 1, 0],
			"to": [16, 8, 16],
			"shade": false,
			"faces": {
				"north": {"uv": [0, 8, 16, 16], "texture": "#7", "cullface": "east"},
				"east": {"uv": [0, 8, 16, 16], "texture": "#7", "cullface": "east"},
				"south": {"uv": [0, 0, 16, 8], "texture": "#5", "cullface": "south"},
				"west": {"uv": [0, 0, 16, 8], "texture": "#5", "cullface": "south"},
				"up": {"uv": [0, 0, 16, 16], "texture": "#6", "cullface": "up"},
				"down": {"uv": [0, 0, 16, 16], "texture": "#4", "cullface": "down"}
			}
		},
		{
			"from": [4, 3, 4],
			"to": [12, 19, 12],
			"shade": false,
			"faces": {
				"north": {"uv": [5, 5, 11, 11], "texture": "#10", "cullface": "east"},
				"east": {"uv": [5, 5, 11, 11], "texture": "#10", "cullface": "east"},
				"south": {"uv": [5, 5, 11, 11], "texture": "#10", "cullface": "east"},
				"west": {"uv": [5, 5, 11, 11], "texture": "#10", "cullface": "east"},
				"up": {"uv": [5, 5, 11, 11], "texture": "#10", "cullface": "east"},
				"down": {"uv": [5, 5, 11, 11], "texture": "#10", "cullface": "east"}
			}
		},
		{
			"from": [0, 19, 0],
			"to": [16, 26, 16],
			"shade": false,
			"faces": {
				"north": {"uv": [0, 8, 16, 16], "texture": "#7", "cullface": "east"},
				"east": {"uv": [0, 8, 16, 16], "texture": "#7", "cullface": "east"},
				"south": {"uv": [0, 0, 16, 8], "texture": "#5", "cullface": "south"},
				"west": {"uv": [0, 0, 16, 8], "texture": "#5", "cullface": "south"},
				"up": {"uv": [0, 0, 16, 16], "texture": "#6", "cullface": "up"},
				"down": {"uv": [0, 0, 16, 16], "texture": "#4", "cullface": "down"}
			}
		},
		{
			"from": [0, 20, 0],
			"to": [16, 29, 16],
			"shade": false,
			"faces": {
				"north": {"uv": [0, 8, 16, 16], "texture": "#7", "cullface": "east"},
				"east": {"uv": [0, 8, 16, 16], "texture": "#7", "cullface": "east"},
				"south": {"uv": [0, 0, 16, 8], "texture": "#5", "cullface": "south"},
				"west": {"uv": [0, 0, 16, 8], "texture": "#5", "cullface": "south"},
				"up": {"uv": [0, 0, 16, 16], "texture": "#6", "cullface": "up"},
				"down": {"uv": [0, 0, 16, 16], "texture": "#4", "cullface": "down"}
			}
		},
		{
			"from": [0, -16, 0],
			"to": [16, 0, 16],
			"shade": false,
			"faces": {
				"north": {"uv": [0, 0, 16, 16], "texture": "#9", "cullface": "east"},
				"east": {"uv": [0, 0, 16, 16], "texture": "#9", "cullface": "east"},
				"south": {"uv": [0, 0, 16, 16], "texture": "#11", "cullface": "south"},
				"west": {"uv": [0, 0, 16, 16], "texture": "#11", "cullface": "south"},
				"up": {"uv": [0, 0, 16, 16], "texture": "#6", "cullface": "up"},
				"down": {"uv": [0, 0, 16, 16], "texture": "#4", "cullface": "down"}
			}
		},
		{
			"from": [13, 26, -1],
			"to": [17, 30, 3],
			"shade": false,
			"faces": {
				"north": {"uv": [3.5, 7, 5.5, 9], "texture": "#8", "cullface": "east"},
				"east": {"uv": [3.5, 7, 5.5, 9], "texture": "#8", "cullface": "east"},
				"south": {"uv": [6, 7, 8, 9], "texture": "#8", "cullface": "east"},
				"west": {"uv": [6, 7, 8, 9], "texture": "#8", "cullface": "east"},
				"up": {"uv": [3.5, 7, 5.5, 9], "texture": "#8", "cullface": "east"},
				"down": {"uv": [3.5, 7, 5.5, 9], "texture": "#8", "cullface": "east"}
			}
		},
		{
			"from": [13, -4, -1],
			"to": [17, 0, 3],
			"shade": false,
			"faces": {
				"north": {"uv": [3.5, 7, 5.5, 9], "texture": "#8", "cullface": "east"},
				"east": {"uv": [3.5, 7, 5.5, 9], "texture": "#8", "cullface": "east"},
				"south": {"uv": [6, 7, 8, 9], "texture": "#8", "cullface": "east"},
				"west": {"uv": [6, 7, 8, 9], "texture": "#8", "cullface": "east"},
				"up": {"uv": [3.5, 7, 5.5, 9], "texture": "#8", "cullface": "east"},
				"down": {"uv": [6, 7, 8, 9], "texture": "#8", "cullface": "east"}
			}
		},
		{
			"from": [13, 6, 13],
			"to": [17, 20, 17],
			"shade": false,
			"faces": {
				"north": {"uv": [3.5, 7.5, 5.5, 8.5], "texture": "#8", "cullface": "east"},
				"east": {"uv": [3.5, 7.5, 5.5, 8.5], "texture": "#8", "cullface": "east"},
				"south": {"uv": [6, 7.5, 8, 8.5], "texture": "#8", "cullface": "east"},
				"west": {"uv": [6, 7.5, 8, 8.5], "texture": "#8", "cullface": "east"},
				"up": {"uv": [3.5, 7, 5.5, 9], "texture": "#8", "cullface": "east"},
				"down": {"uv": [3.5, 7, 5.5, 9], "texture": "#8", "cullface": "east"}
			}
		},
		{
			"from": [-1, 6, 13],
			"to": [3, 20, 17],
			"shade": false,
			"faces": {
				"north": {"uv": [3.5, 7.5, 5.5, 8.5], "texture": "#8", "cullface": "east"},
				"east": {"uv": [3.5, 7.5, 5.5, 8.5], "texture": "#8", "cullface": "east"},
				"south": {"uv": [6, 7.5, 8, 8.5], "texture": "#8", "cullface": "east"},
				"west": {"uv": [6, 7.5, 8, 8.5], "texture": "#8", "cullface": "east"},
				"up": {"uv": [3.5, 7, 5.5, 9], "texture": "#8", "cullface": "east"},
				"down": {"uv": [3.5, 7, 5.5, 9], "texture": "#8", "cullface": "east"}
			}
		},
		{
			"from": [-1, 6, -1],
			"to": [3, 20, 3],
			"shade": false,
			"faces": {
				"north": {"uv": [3.5, 7.5, 5.5, 8.5], "texture": "#8", "cullface": "east"},
				"east": {"uv": [3.5, 7.5, 5.5, 8.5], "texture": "#8", "cullface": "east"},
				"south": {"uv": [6, 7.5, 8, 8.5], "texture": "#8", "cullface": "east"},
				"west": {"uv": [6, 7.5, 8, 8.5], "texture": "#8", "cullface": "east"},
				"up": {"uv": [3.5, 7, 5.5, 9], "texture": "#8", "cullface": "east"},
				"down": {"uv": [3.5, 7, 5.5, 9], "texture": "#8", "cullface": "east"}
			}
		},
		{
			"from": [13, 6, -1],
			"to": [17, 20, 3],
			"shade": false,
			"faces": {
				"north": {"uv": [3.5, 7.5, 5.5, 8.5], "texture": "#8", "cullface": "east"},
				"east": {"uv": [3.5, 7.5, 5.5, 8.5], "texture": "#8", "cullface": "east"},
				"south": {"uv": [6, 7.5, 8, 8.5], "texture": "#8", "cullface": "east"},
				"west": {"uv": [6, 7.5, 8, 8.5], "texture": "#8", "cullface": "east"},
				"up": {"uv": [3.5, 7, 5.5, 9], "texture": "#8", "cullface": "east"},
				"down": {"uv": [3.5, 7, 5.5, 9], "texture": "#8", "cullface": "east"}
			}
		},
		{
			"from": [13, 26, 13],
			"to": [17, 30, 17],
			"shade": false,
			"faces": {
				"north": {"uv": [3.5, 7, 5.5, 9], "texture": "#8", "cullface": "east"},
				"east": {"uv": [3.5, 7, 5.5, 9], "texture": "#8", "cullface": "east"},
				"south": {"uv": [6, 7, 8, 9], "texture": "#8", "cullface": "east"},
				"west": {"uv": [6, 7, 8, 9], "texture": "#8", "cullface": "east"},
				"up": {"uv": [3.5, 7, 5.5, 9], "texture": "#8", "cullface": "east"},
				"down": {"uv": [3.5, 7, 5.5, 9], "texture": "#8", "cullface": "east"}
			}
		},
		{
			"from": [13, -4, 13],
			"to": [17, 0, 17],
			"shade": false,
			"faces": {
				"north": {"uv": [3.5, 7, 5.5, 9], "texture": "#8", "cullface": "east"},
				"east": {"uv": [3.5, 7, 5.5, 9], "texture": "#8", "cullface": "east"},
				"south": {"uv": [6, 7, 8, 9], "texture": "#8", "cullface": "east"},
				"west": {"uv": [6, 7, 8, 9], "texture": "#8", "cullface": "east"},
				"up": {"uv": [3.5, 7, 5.5, 9], "texture": "#8", "cullface": "east"},
				"down": {"uv": [6, 7, 8, 9], "texture": "#8", "cullface": "east"}
			}
		},
		{
			"from": [-1, 26, 13],
			"to": [3, 30, 17],
			"shade": false,
			"faces": {
				"north": {"uv": [3.5, 7, 5.5, 9], "texture": "#8", "cullface": "east"},
				"east": {"uv": [3.5, 7, 5.5, 9], "texture": "#8", "cullface": "east"},
				"south": {"uv": [6, 7, 8, 9], "texture": "#8", "cullface": "east"},
				"west": {"uv": [6, 7, 8, 9], "texture": "#8", "cullface": "east"},
				"up": {"uv": [3.5, 7, 5.5, 9], "texture": "#8", "cullface": "east"},
				"down": {"uv": [3.5, 7, 5.5, 9], "texture": "#8", "cullface": "east"}
			}
		},
		{
			"from": [-1, -4, 13],
			"to": [3, 0, 17],
			"shade": false,
			"faces": {
				"north": {"uv": [3.5, 7, 5.5, 9], "texture": "#8", "cullface": "east"},
				"east": {"uv": [3.5, 7, 5.5, 9], "texture": "#8", "cullface": "east"},
				"south": {"uv": [6, 7, 8, 9], "texture": "#8", "cullface": "east"},
				"west": {"uv": [6, 7, 8, 9], "texture": "#8", "cullface": "east"},
				"up": {"uv": [3.5, 7, 5.5, 9], "texture": "#8", "cullface": "east"},
				"down": {"uv": [6, 7, 8, 9], "texture": "#8", "cullface": "east"}
			}
		},
		{
			"from": [-1, 26, -1],
			"to": [3, 30, 3],
			"shade": false,
			"faces": {
				"north": {"uv": [3.5, 7, 5.5, 9], "texture": "#8", "cullface": "east"},
				"east": {"uv": [3.5, 7, 5.5, 9], "texture": "#8", "cullface": "east"},
				"south": {"uv": [6, 7, 8, 9], "texture": "#8", "cullface": "east"},
				"west": {"uv": [6, 7, 8, 9], "texture": "#8", "cullface": "east"},
				"up": {"uv": [3.5, 7, 5.5, 9], "texture": "#8", "cullface": "east"},
				"down": {"uv": [3.5, 7, 5.5, 9], "texture": "#8", "cullface": "east"}
			}
		},
		{
			"from": [-1, -4, -1],
			"to": [3, 0, 3],
			"shade": false,
			"faces": {
				"north": {"uv": [3.5, 7, 5.5, 9], "texture": "#8", "cullface": "east"},
				"east": {"uv": [3.5, 7, 5.5, 9], "texture": "#8", "cullface": "east"},
				"south": {"uv": [6, 7, 8, 9], "texture": "#8", "cullface": "east"},
				"west": {"uv": [6, 7, 8, 9], "texture": "#8", "cullface": "east"},
				"up": {"uv": [3.5, 7, 5.5, 9], "texture": "#8", "cullface": "east"},
				"down": {"uv": [6, 7, 8, 9], "texture": "#8", "cullface": "east"}
			}
		},
		{
			"from": [-3, 0, -3],
			"to": [19, 6, 19],
			"shade": false,
			"faces": {
				"north": {"uv": [2.5, 13, 13.5, 16], "texture": "#8", "cullface": "north"},
				"east": {"uv": [2.5, 13, 13.5, 16], "texture": "#8", "cullface": "north"},
				"south": {"uv": [2.5, 9.5, 13.5, 12.5], "texture": "#8", "cullface": "north"},
				"west": {"uv": [2.5, 9.5, 13.5, 12.5], "texture": "#8", "cullface": "north"},
				"up": {"uv": [5, 9, 6, 10], "texture": "#6", "cullface": "north"},
				"down": {"uv": [0, 0, 16, 16], "texture": "#4", "cullface": "down"}
			}
		},
		{
			"from": [-3, 20, -3],
			"to": [19, 26, 19],
			"shade": false,
			"faces": {
				"north": {"uv": [2.5, 13, 13.5, 16], "texture": "#8", "cullface": "north"},
				"east": {"uv": [2.5, 13, 13.5, 16], "texture": "#8", "cullface": "north"},
				"south": {"uv": [2.5, 9.5, 13.5, 12.5], "texture": "#8", "cullface": "north"},
				"west": {"uv": [2.5, 9.5, 13.5, 12.5], "texture": "#8", "cullface": "north"},
				"up": {"uv": [5, 9, 6, 10], "texture": "#6", "cullface": "north"},
				"down": {"uv": [0, 0, 16, 16], "texture": "#4", "cullface": "down"}
			}
		},
		{
			"from": [-3, 20, 19],
			"to": [19, 24, 22],
			"shade": false,
			"faces": {
				"north": {"uv": [2.5, 13, 13.5, 16], "texture": "#8", "cullface": "north"},
				"east": {"uv": [2.5, 13, 4, 15], "texture": "#8", "cullface": "north"},
				"south": {"uv": [2.5, 9.5, 13.5, 11.5], "texture": "#8", "cullface": "north"},
				"west": {"uv": [12, 9.5, 13.5, 11.5], "texture": "#8", "cullface": "north"},
				"up": {"uv": [5, 9, 6, 10], "texture": "#6", "cullface": "north"},
				"down": {"uv": [0, 0, 16, 16], "texture": "#4", "cullface": "down"}
			}
		},
		{
			"from": [-6, 20, -3],
			"to": [-3, 24, 19],
			"shade": false,
			"faces": {
				"north": {"uv": [12, 13, 13.5, 15], "texture": "#8", "cullface": "north"},
				"east": {"uv": [2.5, 9.5, 13.5, 11.5], "texture": "#8", "cullface": "north"},
				"south": {"uv": [2.5, 9.5, 4, 11.5], "texture": "#8", "cullface": "north"},
				"west": {"uv": [2.5, 9.5, 13.5, 11], "texture": "#8", "cullface": "north"},
				"up": {"uv": [5, 9, 6, 10], "rotation": 270, "texture": "#6", "cullface": "north"},
				"down": {"uv": [0, 0, 16, 16], "rotation": 90, "texture": "#4", "cullface": "down"}
			}
		},
		{
			"from": [-3, 20, -6],
			"to": [19, 24, -3],
			"shade": false,
			"faces": {
				"north": {"uv": [2.5, 13, 13.5, 15], "texture": "#8", "cullface": "north"},
				"east": {"uv": [12, 13, 13.5, 15], "texture": "#8", "cullface": "north"},
				"south": {"uv": [2.5, 9.5, 13.5, 11.5], "texture": "#8", "cullface": "north"},
				"west": {"uv": [2.5, 9.5, 4, 11.5], "texture": "#8", "cullface": "north"},
				"up": {"uv": [5, 9, 6, 10], "texture": "#6", "cullface": "north"},
				"down": {"uv": [0, 0, 16, 16], "texture": "#4", "cullface": "down"}
			}
		},
		{
			"from": [19, 20, -3],
			"to": [22, 24, 19],
			"shade": false,
			"faces": {
				"north": {"uv": [2.5, 13, 4, 15], "texture": "#8", "cullface": "north"},
				"east": {"uv": [2.5, 13, 13.5, 15], "texture": "#8", "cullface": "north"},
				"south": {"uv": [12, 9.5, 13.5, 11.5], "texture": "#8", "cullface": "north"},
				"west": {"uv": [2.5, 13, 13.5, 15], "texture": "#8", "cullface": "north"},
				"up": {"uv": [5, 9, 6, 10], "rotation": 270, "texture": "#6", "cullface": "north"},
				"down": {"uv": [0, 0, 16, 16], "rotation": 90, "texture": "#4", "cullface": "down"}
			}
		}
	]
}