{
	"credit": "Made with Blockbench",
	"textures": {
		"4": "custom/cube2",
		"5": "custom/cube2_bottom",
		"6": "custom/cube2_side",
		"7": "custom/cube2_top",
		"9": "custom/blue_cube",
		"10": "custom/blue_cube_bottom",
		"11": "custom/blue_cube_side",
		"12": "custom/blue_cube_top",
		"particle": "custom/stone_parts"
	},
	"elements": [
		{
			"from": [1, 1, 1],
			"to": [15, 15, 15],
			"shade": false,
			"faces": {
				"north": {"uv": [1, 1, 15, 15], "texture": "#9"},
				"east": {"uv": [1, 1, 15, 15], "texture": "#9"},
				"south": {"uv": [1, 1, 15, 15], "texture": "#11"},
				"west": {"uv": [1, 1, 15, 15], "texture": "#11"},
				"up": {"uv": [1, 1, 15, 15], "texture": "#12"},
				"down": {"uv": [1, 1, 15, 15], "texture": "#10"}
			}
		},
		{
			"from": [3, 1, 0],
			"to": [7, 7, 2],
			"shade": false,
			"faces": {
				"north": {"uv": [1, 1, 5, 7], "texture": "#4"},
				"east": {"uv": [2, 2, 4, 6], "texture": "#4"},
				"south": {"uv": [2, 5, 4, 9], "texture": "#4"},
				"west": {"uv": [2, 3, 4, 5], "texture": "#6"},
				"up": {"uv": [2, 2, 6, 4], "texture": "#7"},
				"down": {"uv": [2, 2, 4, 4], "texture": "#5"}
			}
		},
		{
			"from": [0, 1, 9],
			"to": [2, 7, 13],
			"shade": false,
			"faces": {
				"north": {"uv": [2, 2, 4, 6], "texture": "#4"},
				"east": {"uv": [2, 5, 4, 9], "texture": "#4"},
				"south": {"uv": [2, 3, 4, 5], "texture": "#6"},
				"west": {"uv": [1, 1, 5, 7], "texture": "#6"},
				"up": {"uv": [2, 2, 6, 4], "rotation": 270, "texture": "#7"},
				"down": {"uv": [2, 2, 4, 4], "rotation": 90, "texture": "#5"}
			}
		},
		{
			"from": [3, 1, 14],
			"to": [7, 7, 16],
			"shade": false,
			"faces": {
				"north": {"uv": [1, 1, 5, 7], "texture": "#6"},
				"east": {"uv": [2, 2, 4, 6], "texture": "#4"},
				"south": {"uv": [11, 1, 15, 7], "texture": "#6"},
				"west": {"uv": [2, 3, 4, 5], "texture": "#6"},
				"up": {"uv": [2, 2, 6, 4], "texture": "#7"},
				"down": {"uv": [2, 2, 4, 4], "texture": "#5"}
			}
		},
		{
			"from": [14, 1, 9],
			"to": [16, 7, 13],
			"shade": false,
			"faces": {
				"north": {"uv": [2, 2, 4, 6], "texture": "#4"},
				"east": {"uv": [11, 1, 15, 7], "texture": "#4"},
				"south": {"uv": [2, 3, 4, 5], "texture": "#6"},
				"west": {"uv": [1, 1, 5, 7], "texture": "#4"},
				"up": {"uv": [2, 2, 6, 4], "rotation": 270, "texture": "#7"},
				"down": {"uv": [2, 2, 4, 4], "rotation": 90, "texture": "#5"}
			}
		},
		{
			"from": [9, 14, 9],
			"to": [15, 16, 13],
			"shade": false,
			"faces": {
				"north": {"uv": [2, 2, 4, 6], "rotation": 90, "texture": "#4"},
				"east": {"uv": [2, 2, 4, 4], "texture": "#4"},
				"south": {"uv": [2, 3, 4, 5], "rotation": 270, "texture": "#6"},
				"west": {"uv": [2, 3, 4, 5], "rotation": 270, "texture": "#6"},
				"up": {"uv": [11, 1, 15, 7], "rotation": 270, "texture": "#7"},
				"down": {"uv": [1, 1, 5, 7], "rotation": 270, "texture": "#4"}
			}
		},
		{
			"from": [9, 0, 9],
			"to": [15, 2, 13],
			"shade": false,
			"faces": {
				"north": {"uv": [2, 2, 4, 6], "rotation": 90, "texture": "#4"},
				"east": {"uv": [2, 2, 4, 4], "texture": "#4"},
				"south": {"uv": [2, 3, 4, 5], "rotation": 270, "texture": "#6"},
				"west": {"uv": [2, 3, 4, 5], "rotation": 270, "texture": "#6"},
				"up": {"uv": [11, 1, 15, 7], "rotation": 270, "texture": "#7"},
				"down": {"uv": [1, 1, 5, 7], "rotation": 270, "texture": "#5"}
			}
		},
		{
			"from": [9, 1, 0],
			"to": [13, 7, 2],
			"shade": false,
			"faces": {
				"north": {"uv": [11, 1, 15, 7], "texture": "#4"},
				"east": {"uv": [2, 2, 4, 6], "texture": "#4"},
				"south": {"uv": [2, 5, 4, 9], "texture": "#4"},
				"west": {"uv": [2, 3, 4, 5], "texture": "#6"},
				"up": {"uv": [2, 2, 6, 4], "texture": "#7"},
				"down": {"uv": [2, 2, 4, 4], "texture": "#5"}
			}
		},
		{
			"from": [0, 1, 3],
			"to": [2, 7, 7],
			"shade": false,
			"faces": {
				"north": {"uv": [2, 2, 4, 6], "texture": "#4"},
				"east": {"uv": [2, 5, 4, 9], "texture": "#4"},
				"south": {"uv": [2, 3, 4, 5], "texture": "#6"},
				"west": {"uv": [11, 1, 15, 7], "texture": "#6"},
				"up": {"uv": [2, 2, 6, 4], "rotation": 270, "texture": "#7"},
				"down": {"uv": [2, 2, 4, 4], "rotation": 90, "texture": "#5"}
			}
		},
		{
			"from": [9, 1, 14],
			"to": [13, 7, 16],
			"shade": false,
			"faces": {
				"north": {"uv": [11, 1, 15, 7], "texture": "#6"},
				"east": {"uv": [2, 2, 4, 6], "texture": "#4"},
				"south": {"uv": [1, 1, 5, 7], "texture": "#6"},
				"west": {"uv": [2, 3, 4, 5], "texture": "#6"},
				"up": {"uv": [2, 2, 6, 4], "texture": "#7"},
				"down": {"uv": [2, 2, 4, 4], "texture": "#5"}
			}
		},
		{
			"from": [14, 1, 3],
			"to": [16, 7, 7],
			"shade": false,
			"faces": {
				"north": {"uv": [2, 2, 4, 6], "texture": "#4"},
				"east": {"uv": [1, 1, 5, 7], "texture": "#4"},
				"south": {"uv": [2, 3, 4, 5], "texture": "#6"},
				"west": {"uv": [11, 1, 15, 7], "texture": "#4"},
				"up": {"uv": [2, 2, 6, 4], "rotation": 270, "texture": "#7"},
				"down": {"uv": [2, 2, 4, 4], "rotation": 90, "texture": "#5"}
			}
		},
		{
			"from": [9, 14, 3],
			"to": [15, 16, 7],
			"shade": false,
			"faces": {
				"north": {"uv": [2, 2, 4, 6], "rotation": 90, "texture": "#4"},
				"east": {"uv": [2, 2, 4, 4], "texture": "#4"},
				"south": {"uv": [2, 3, 4, 5], "rotation": 270, "texture": "#6"},
				"west": {"uv": [2, 3, 4, 5], "rotation": 270, "texture": "#6"},
				"up": {"uv": [1, 1, 5, 7], "rotation": 270, "texture": "#7"},
				"down": {"uv": [11, 1, 15, 7], "rotation": 270, "texture": "#4"}
			}
		},
		{
			"from": [9, 0, 3],
			"to": [15, 2, 7],
			"shade": false,
			"faces": {
				"north": {"uv": [2, 2, 4, 6], "rotation": 90, "texture": "#4"},
				"east": {"uv": [2, 2, 4, 4], "texture": "#4"},
				"south": {"uv": [2, 3, 4, 5], "rotation": 270, "texture": "#6"},
				"west": {"uv": [2, 3, 4, 5], "rotation": 270, "texture": "#6"},
				"up": {"uv": [1, 1, 5, 7], "rotation": 270, "texture": "#7"},
				"down": {"uv": [11, 1, 15, 7], "rotation": 270, "texture": "#5"}
			}
		},
		{
			"from": [9, 9, 0],
			"to": [13, 15, 2],
			"shade": false,
			"faces": {
				"north": {"uv": [11, 9, 15, 15], "texture": "#4"},
				"east": {"uv": [2, 2, 4, 6], "texture": "#4"},
				"south": {"uv": [2, 5, 4, 9], "texture": "#4"},
				"west": {"uv": [2, 3, 4, 5], "texture": "#6"},
				"up": {"uv": [2, 2, 6, 4], "texture": "#7"},
				"down": {"uv": [2, 2, 4, 4], "texture": "#5"}
			}
		},
		{
			"from": [0, 9, 3],
			"to": [2, 15, 7],
			"shade": false,
			"faces": {
				"north": {"uv": [2, 2, 4, 6], "texture": "#4"},
				"east": {"uv": [2, 5, 4, 9], "texture": "#4"},
				"south": {"uv": [2, 3, 4, 5], "texture": "#6"},
				"west": {"uv": [11, 9, 15, 15], "texture": "#6"},
				"up": {"uv": [2, 2, 6, 4], "rotation": 270, "texture": "#7"},
				"down": {"uv": [2, 2, 4, 4], "rotation": 90, "texture": "#5"}
			}
		},
		{
			"from": [9, 9, 14],
			"to": [13, 15, 16],
			"shade": false,
			"faces": {
				"north": {"uv": [11, 9, 15, 15], "texture": "#6"},
				"east": {"uv": [2, 2, 4, 6], "texture": "#4"},
				"south": {"uv": [1, 9, 5, 15], "texture": "#6"},
				"west": {"uv": [2, 3, 4, 5], "texture": "#6"},
				"up": {"uv": [2, 2, 6, 4], "texture": "#7"},
				"down": {"uv": [2, 2, 4, 4], "texture": "#5"}
			}
		},
		{
			"from": [14, 9, 3],
			"to": [16, 15, 7],
			"shade": false,
			"faces": {
				"north": {"uv": [2, 2, 4, 6], "texture": "#4"},
				"east": {"uv": [1, 9, 5, 15], "texture": "#4"},
				"south": {"uv": [2, 3, 4, 5], "texture": "#6"},
				"west": {"uv": [11, 9, 15, 15], "texture": "#4"},
				"up": {"uv": [2, 2, 6, 4], "rotation": 270, "texture": "#7"},
				"down": {"uv": [2, 2, 4, 4], "rotation": 90, "texture": "#5"}
			}
		},
		{
			"from": [1, 14, 3],
			"to": [7, 16, 7],
			"shade": false,
			"faces": {
				"north": {"uv": [2, 2, 4, 6], "rotation": 90, "texture": "#4"},
				"east": {"uv": [2, 2, 4, 4], "texture": "#4"},
				"south": {"uv": [2, 3, 4, 5], "rotation": 270, "texture": "#6"},
				"west": {"uv": [2, 3, 4, 5], "rotation": 270, "texture": "#6"},
				"up": {"uv": [1, 9, 5, 15], "rotation": 270, "texture": "#7"},
				"down": {"uv": [11, 9, 15, 15], "rotation": 270, "texture": "#4"}
			}
		},
		{
			"from": [1, 0, 3],
			"to": [7, 2, 7],
			"shade": false,
			"faces": {
				"north": {"uv": [2, 2, 4, 6], "rotation": 90, "texture": "#4"},
				"east": {"uv": [2, 2, 4, 4], "texture": "#4"},
				"south": {"uv": [2, 3, 4, 5], "rotation": 270, "texture": "#6"},
				"west": {"uv": [2, 3, 4, 5], "rotation": 270, "texture": "#6"},
				"up": {"uv": [1, 9, 5, 15], "rotation": 270, "texture": "#7"},
				"down": {"uv": [11, 9, 15, 15], "rotation": 270, "texture": "#5"}
			}
		},
		{
			"from": [1, 3, 0],
			"to": [3, 7, 2],
			"shade": false,
			"faces": {
				"north": {"uv": [5, 1, 7, 5], "texture": "#4"},
				"east": {"uv": [2, 2, 4, 6], "texture": "#4"},
				"south": {"uv": [2, 5, 4, 9], "texture": "#4"},
				"west": {"uv": [2, 3, 4, 5], "texture": "#6"},
				"up": {"uv": [2, 2, 6, 4], "texture": "#7"},
				"down": {"uv": [2, 2, 4, 4], "texture": "#5"}
			}
		},
		{
			"from": [0, 3, 13],
			"to": [2, 7, 15],
			"shade": false,
			"faces": {
				"north": {"uv": [2, 2, 4, 6], "texture": "#4"},
				"east": {"uv": [2, 5, 4, 9], "texture": "#4"},
				"south": {"uv": [2, 3, 4, 5], "texture": "#6"},
				"west": {"uv": [5, 1, 7, 5], "texture": "#6"},
				"up": {"uv": [2, 2, 6, 4], "rotation": 270, "texture": "#7"},
				"down": {"uv": [2, 2, 4, 4], "rotation": 90, "texture": "#5"}
			}
		},
		{
			"from": [1, 3, 14],
			"to": [3, 7, 16],
			"shade": false,
			"faces": {
				"north": {"uv": [5, 1, 7, 5], "texture": "#6"},
				"east": {"uv": [2, 2, 4, 6], "texture": "#4"},
				"south": {"uv": [9, 1, 11, 5], "texture": "#6"},
				"west": {"uv": [2, 3, 4, 5], "texture": "#6"},
				"up": {"uv": [2, 2, 6, 4], "texture": "#7"},
				"down": {"uv": [2, 2, 4, 4], "texture": "#5"}
			}
		},
		{
			"from": [14, 3, 13],
			"to": [16, 7, 15],
			"shade": false,
			"faces": {
				"north": {"uv": [2, 2, 4, 6], "texture": "#4"},
				"east": {"uv": [9, 1, 11, 5], "texture": "#4"},
				"south": {"uv": [2, 3, 4, 5], "texture": "#6"},
				"west": {"uv": [5, 1, 7, 5], "texture": "#4"},
				"up": {"uv": [2, 2, 6, 4], "rotation": 270, "texture": "#7"},
				"down": {"uv": [2, 2, 4, 4], "rotation": 90, "texture": "#5"}
			}
		},
		{
			"from": [9, 14, 13],
			"to": [13, 16, 15],
			"shade": false,
			"faces": {
				"north": {"uv": [2, 2, 4, 6], "rotation": 90, "texture": "#4"},
				"east": {"uv": [2, 2, 4, 4], "texture": "#4"},
				"south": {"uv": [2, 3, 4, 5], "rotation": 270, "texture": "#6"},
				"west": {"uv": [2, 3, 4, 5], "rotation": 270, "texture": "#6"},
				"up": {"uv": [9, 1, 11, 5], "rotation": 270, "texture": "#7"},
				"down": {"uv": [5, 1, 7, 5], "rotation": 270, "texture": "#4"}
			}
		},
		{
			"from": [9, 0, 13],
			"to": [13, 2, 15],
			"shade": false,
			"faces": {
				"north": {"uv": [2, 2, 4, 6], "rotation": 90, "texture": "#4"},
				"east": {"uv": [2, 2, 4, 4], "texture": "#4"},
				"south": {"uv": [2, 3, 4, 5], "rotation": 270, "texture": "#6"},
				"west": {"uv": [2, 3, 4, 5], "rotation": 270, "texture": "#6"},
				"up": {"uv": [9, 1, 11, 5], "rotation": 270, "texture": "#7"},
				"down": {"uv": [5, 1, 7, 5], "rotation": 270, "texture": "#5"}
			}
		},
		{
			"from": [13, 3, 0],
			"to": [15, 7, 2],
			"shade": false,
			"faces": {
				"north": {"uv": [9, 1, 11, 5], "texture": "#4"},
				"east": {"uv": [2, 2, 4, 6], "texture": "#4"},
				"south": {"uv": [2, 5, 4, 9], "texture": "#4"},
				"west": {"uv": [2, 3, 4, 5], "texture": "#6"},
				"up": {"uv": [2, 2, 6, 4], "texture": "#7"},
				"down": {"uv": [2, 2, 4, 4], "texture": "#5"}
			}
		},
		{
			"from": [0, 3, 1],
			"to": [2, 7, 3],
			"shade": false,
			"faces": {
				"north": {"uv": [2, 2, 4, 6], "texture": "#4"},
				"east": {"uv": [2, 5, 4, 9], "texture": "#4"},
				"south": {"uv": [2, 3, 4, 5], "texture": "#6"},
				"west": {"uv": [9, 1, 11, 5], "texture": "#6"},
				"up": {"uv": [2, 2, 6, 4], "rotation": 270, "texture": "#7"},
				"down": {"uv": [2, 2, 4, 4], "rotation": 90, "texture": "#5"}
			}
		},
		{
			"from": [13, 3, 14],
			"to": [15, 7, 16],
			"shade": false,
			"faces": {
				"north": {"uv": [9, 1, 11, 5], "texture": "#6"},
				"east": {"uv": [2, 2, 4, 6], "texture": "#4"},
				"south": {"uv": [5, 1, 7, 5], "texture": "#6"},
				"west": {"uv": [2, 3, 4, 5], "texture": "#6"},
				"up": {"uv": [2, 2, 6, 4], "texture": "#7"},
				"down": {"uv": [2, 2, 4, 4], "texture": "#5"}
			}
		},
		{
			"from": [14, 3, 1],
			"to": [16, 7, 3],
			"shade": false,
			"faces": {
				"north": {"uv": [2, 2, 4, 6], "texture": "#4"},
				"east": {"uv": [5, 1, 7, 5], "texture": "#4"},
				"south": {"uv": [2, 3, 4, 5], "texture": "#6"},
				"west": {"uv": [9, 1, 11, 5], "texture": "#4"},
				"up": {"uv": [2, 2, 6, 4], "rotation": 270, "texture": "#7"},
				"down": {"uv": [2, 2, 4, 4], "rotation": 90, "texture": "#5"}
			}
		},
		{
			"from": [9, 14, 1],
			"to": [13, 16, 3],
			"shade": false,
			"faces": {
				"north": {"uv": [2, 2, 4, 6], "rotation": 90, "texture": "#4"},
				"east": {"uv": [2, 2, 4, 4], "texture": "#4"},
				"south": {"uv": [2, 3, 4, 5], "rotation": 270, "texture": "#6"},
				"west": {"uv": [2, 3, 4, 5], "rotation": 270, "texture": "#6"},
				"up": {"uv": [5, 1, 7, 5], "rotation": 270, "texture": "#7"},
				"down": {"uv": [9, 1, 11, 5], "rotation": 270, "texture": "#4"}
			}
		},
		{
			"from": [9, 0, 1],
			"to": [13, 2, 3],
			"shade": false,
			"faces": {
				"north": {"uv": [2, 2, 4, 6], "rotation": 90, "texture": "#4"},
				"east": {"uv": [2, 2, 4, 4], "texture": "#4"},
				"south": {"uv": [2, 3, 4, 5], "rotation": 270, "texture": "#6"},
				"west": {"uv": [2, 3, 4, 5], "rotation": 270, "texture": "#6"},
				"up": {"uv": [5, 1, 7, 5], "rotation": 270, "texture": "#7"},
				"down": {"uv": [9, 1, 11, 5], "rotation": 270, "texture": "#5"}
			}
		},
		{
			"from": [13, 9, 0],
			"to": [15, 13, 2],
			"shade": false,
			"faces": {
				"north": {"uv": [9, 11, 11, 15], "texture": "#4"},
				"east": {"uv": [2, 2, 4, 6], "texture": "#4"},
				"south": {"uv": [2, 5, 4, 9], "texture": "#4"},
				"west": {"uv": [2, 3, 4, 5], "texture": "#6"},
				"up": {"uv": [2, 2, 6, 4], "texture": "#7"},
				"down": {"uv": [2, 2, 4, 4], "texture": "#5"}
			}
		},
		{
			"from": [0, 9, 1],
			"to": [2, 13, 3],
			"shade": false,
			"faces": {
				"north": {"uv": [2, 2, 4, 6], "texture": "#4"},
				"east": {"uv": [2, 5, 4, 9], "texture": "#4"},
				"south": {"uv": [2, 3, 4, 5], "texture": "#6"},
				"west": {"uv": [9, 11, 11, 15], "texture": "#6"},
				"up": {"uv": [2, 2, 6, 4], "rotation": 270, "texture": "#7"},
				"down": {"uv": [2, 2, 4, 4], "rotation": 90, "texture": "#5"}
			}
		},
		{
			"from": [13, 9, 14],
			"to": [15, 13, 16],
			"shade": false,
			"faces": {
				"north": {"uv": [9, 11, 11, 15], "texture": "#6"},
				"east": {"uv": [2, 2, 4, 6], "texture": "#4"},
				"south": {"uv": [5, 11, 7, 15], "texture": "#6"},
				"west": {"uv": [2, 3, 4, 5], "texture": "#6"},
				"up": {"uv": [2, 2, 6, 4], "texture": "#7"},
				"down": {"uv": [2, 2, 4, 4], "texture": "#5"}
			}
		},
		{
			"from": [14, 9, 1],
			"to": [16, 13, 3],
			"shade": false,
			"faces": {
				"north": {"uv": [2, 2, 4, 6], "texture": "#4"},
				"east": {"uv": [5, 11, 7, 15], "texture": "#4"},
				"south": {"uv": [2, 3, 4, 5], "texture": "#6"},
				"west": {"uv": [9, 11, 11, 15], "texture": "#4"},
				"up": {"uv": [2, 2, 6, 4], "rotation": 270, "texture": "#7"},
				"down": {"uv": [2, 2, 4, 4], "rotation": 90, "texture": "#5"}
			}
		},
		{
			"from": [3, 14, 1],
			"to": [7, 16, 3],
			"shade": false,
			"faces": {
				"north": {"uv": [2, 2, 4, 6], "rotation": 90, "texture": "#4"},
				"east": {"uv": [2, 2, 4, 4], "texture": "#4"},
				"south": {"uv": [2, 3, 4, 5], "rotation": 270, "texture": "#6"},
				"west": {"uv": [2, 3, 4, 5], "rotation": 270, "texture": "#6"},
				"up": {"uv": [5, 11, 7, 15], "rotation": 270, "texture": "#7"},
				"down": {"uv": [9, 11, 11, 15], "rotation": 270, "texture": "#4"}
			}
		},
		{
			"from": [3, 0, 1],
			"to": [7, 2, 3],
			"shade": false,
			"faces": {
				"north": {"uv": [2, 2, 4, 6], "rotation": 90, "texture": "#4"},
				"east": {"uv": [2, 2, 4, 4], "texture": "#4"},
				"south": {"uv": [2, 3, 4, 5], "rotation": 270, "texture": "#6"},
				"west": {"uv": [2, 3, 4, 5], "rotation": 270, "texture": "#6"},
				"up": {"uv": [5, 11, 7, 15], "rotation": 270, "texture": "#7"},
				"down": {"uv": [9, 11, 11, 15], "rotation": 270, "texture": "#5"}
			}
		},
		{
			"from": [1, 9, 0],
			"to": [3, 13, 2],
			"shade": false,
			"faces": {
				"north": {"uv": [5, 11, 7, 15], "texture": "#4"},
				"east": {"uv": [2, 2, 4, 6], "texture": "#4"},
				"south": {"uv": [2, 5, 4, 9], "texture": "#4"},
				"west": {"uv": [2, 3, 4, 5], "texture": "#6"},
				"up": {"uv": [2, 2, 6, 4], "texture": "#7"},
				"down": {"uv": [2, 2, 4, 4], "texture": "#5"}
			}
		},
		{
			"from": [0, 9, 13],
			"to": [2, 13, 15],
			"shade": false,
			"faces": {
				"north": {"uv": [2, 2, 4, 6], "texture": "#4"},
				"east": {"uv": [2, 5, 4, 9], "texture": "#4"},
				"south": {"uv": [2, 3, 4, 5], "texture": "#6"},
				"west": {"uv": [5, 11, 7, 15], "texture": "#6"},
				"up": {"uv": [2, 2, 6, 4], "rotation": 270, "texture": "#7"},
				"down": {"uv": [2, 2, 4, 4], "rotation": 90, "texture": "#5"}
			}
		},
		{
			"from": [1, 9, 14],
			"to": [3, 13, 16],
			"shade": false,
			"faces": {
				"north": {"uv": [5, 11, 7, 15], "texture": "#6"},
				"east": {"uv": [2, 2, 4, 6], "texture": "#4"},
				"south": {"uv": [9, 11, 11, 15], "texture": "#6"},
				"west": {"uv": [2, 3, 4, 5], "texture": "#6"},
				"up": {"uv": [2, 2, 6, 4], "texture": "#7"},
				"down": {"uv": [2, 2, 4, 4], "texture": "#5"}
			}
		},
		{
			"from": [14, 9, 13],
			"to": [16, 13, 15],
			"shade": false,
			"faces": {
				"north": {"uv": [2, 2, 4, 6], "texture": "#4"},
				"east": {"uv": [9, 11, 11, 15], "texture": "#4"},
				"south": {"uv": [2, 3, 4, 5], "texture": "#6"},
				"west": {"uv": [5, 11, 7, 15], "texture": "#4"},
				"up": {"uv": [2, 2, 6, 4], "rotation": 270, "texture": "#7"},
				"down": {"uv": [2, 2, 4, 4], "rotation": 90, "texture": "#5"}
			}
		},
		{
			"from": [3, 14, 13],
			"to": [7, 16, 15],
			"shade": false,
			"faces": {
				"north": {"uv": [2, 2, 4, 6], "rotation": 90, "texture": "#4"},
				"east": {"uv": [2, 2, 4, 4], "texture": "#4"},
				"south": {"uv": [2, 3, 4, 5], "rotation": 270, "texture": "#6"},
				"west": {"uv": [2, 3, 4, 5], "rotation": 270, "texture": "#6"},
				"up": {"uv": [9, 11, 11, 15], "rotation": 270, "texture": "#7"},
				"down": {"uv": [5, 11, 7, 15], "rotation": 270, "texture": "#4"}
			}
		},
		{
			"from": [3, 0, 13],
			"to": [7, 2, 15],
			"shade": false,
			"faces": {
				"north": {"uv": [2, 2, 4, 6], "rotation": 90, "texture": "#4"},
				"east": {"uv": [2, 2, 4, 4], "texture": "#4"},
				"south": {"uv": [2, 3, 4, 5], "rotation": 270, "texture": "#6"},
				"west": {"uv": [2, 3, 4, 5], "rotation": 270, "texture": "#6"},
				"up": {"uv": [9, 11, 11, 15], "rotation": 270, "texture": "#7"},
				"down": {"uv": [5, 11, 7, 15], "rotation": 270, "texture": "#5"}
			}
		},
		{
			"from": [3, 9, 0],
			"to": [7, 15, 2],
			"shade": false,
			"faces": {
				"north": {"uv": [1, 9, 5, 15], "texture": "#4"},
				"east": {"uv": [2, 2, 4, 6], "texture": "#4"},
				"south": {"uv": [2, 5, 4, 9], "texture": "#4"},
				"west": {"uv": [2, 3, 4, 5], "texture": "#6"},
				"up": {"uv": [2, 2, 6, 4], "texture": "#7"},
				"down": {"uv": [2, 2, 4, 4], "texture": "#5"}
			}
		},
		{
			"from": [0, 9, 9],
			"to": [2, 15, 13],
			"shade": false,
			"faces": {
				"north": {"uv": [2, 2, 4, 6], "texture": "#4"},
				"east": {"uv": [2, 5, 4, 9], "texture": "#4"},
				"south": {"uv": [2, 3, 4, 5], "texture": "#6"},
				"west": {"uv": [1, 9, 5, 15], "texture": "#6"},
				"up": {"uv": [2, 2, 6, 4], "rotation": 270, "texture": "#7"},
				"down": {"uv": [2, 2, 4, 4], "rotation": 90, "texture": "#5"}
			}
		},
		{
			"from": [3, 9, 14],
			"to": [7, 15, 16],
			"shade": false,
			"faces": {
				"north": {"uv": [1, 9, 5, 15], "texture": "#6"},
				"east": {"uv": [2, 2, 4, 6], "texture": "#4"},
				"south": {"uv": [11, 9, 15, 15], "texture": "#6"},
				"west": {"uv": [2, 3, 4, 5], "texture": "#6"},
				"up": {"uv": [2, 2, 6, 4], "texture": "#7"},
				"down": {"uv": [2, 2, 4, 4], "texture": "#5"}
			}
		},
		{
			"from": [14, 9, 9],
			"to": [16, 15, 13],
			"shade": false,
			"faces": {
				"north": {"uv": [2, 2, 4, 6], "texture": "#4"},
				"east": {"uv": [11, 9, 15, 15], "texture": "#4"},
				"south": {"uv": [2, 3, 4, 5], "texture": "#6"},
				"west": {"uv": [1, 9, 5, 15], "texture": "#4"},
				"up": {"uv": [2, 2, 6, 4], "rotation": 270, "texture": "#7"},
				"down": {"uv": [2, 2, 4, 4], "rotation": 90, "texture": "#5"}
			}
		},
		{
			"from": [1, 14, 9],
			"to": [7, 16, 13],
			"shade": false,
			"faces": {
				"north": {"uv": [2, 2, 4, 6], "rotation": 90, "texture": "#4"},
				"east": {"uv": [2, 2, 4, 4], "texture": "#4"},
				"south": {"uv": [2, 3, 4, 5], "rotation": 270, "texture": "#6"},
				"west": {"uv": [2, 3, 4, 5], "rotation": 270, "texture": "#6"},
				"up": {"uv": [11, 9, 15, 15], "rotation": 270, "texture": "#7"},
				"down": {"uv": [1, 9, 5, 15], "rotation": 270, "texture": "#4"}
			}
		},
		{
			"from": [1, 0, 9],
			"to": [7, 2, 13],
			"shade": false,
			"faces": {
				"north": {"uv": [2, 2, 4, 6], "rotation": 90, "texture": "#4"},
				"east": {"uv": [2, 2, 4, 4], "texture": "#4"},
				"south": {"uv": [2, 3, 4, 5], "rotation": 270, "texture": "#6"},
				"west": {"uv": [2, 3, 4, 5], "rotation": 270, "texture": "#6"},
				"up": {"uv": [11, 9, 15, 15], "rotation": 270, "texture": "#7"},
				"down": {"uv": [1, 9, 5, 15], "rotation": 270, "texture": "#5"}
			}
		}
	],
	"display": {
		"head": {
			"translation": [0, -36.5, 0],
			"scale": [0.8, 0.8, 0.8]
		}
	}
}