{
    "parent": "block/block",
	"textures": {
        "0": "custom/sky"
		},
    "elements": [
        {   "from": [ 0, 0, 0 ],
            "to": [ 16, 16, 16 ],
			"shade": false,
            "faces": {
                "down":  { "texture": "0", "cullface": "down" },
                "up":    { "texture": "0", "cullface": "up" },
                "north": { "texture": "0", "cullface": "north" },
                "south": { "texture": "0", "cullface": "south" },
                "west":  { "texture": "0", "cullface": "west" },
                "east":  { "texture": "0", "cullface": "east" }
            }
        }
    ]
}