{
	"credit": "Made with Blockbench",
	"textures": {
		"5": "custom/brick_side1",
		"6": "custom/brick_top1",
		"7": "custom/brick1",
		"8": "custom/ugly_brick_thing",
		"9": "custom/tears",
		"particle": "custom/brick_top1"
	},
	"elements": [
		{
			"from": [0.5, 19, 15],
			"to": [15.25, 29, 16],
			"shade": false,
			"faces": {
				"north": {"uv": [4.5, 1.5, 12, 6.5], "texture": "#8", "cullface": "east"},
				"east": {"uv": [3, 1, 4, 3], "texture": "#5", "cullface": "north"},
				"south": {"uv": [0, 0, 16, 16], "texture": "#5", "cullface": "west"},
				"west": {"uv": [3, 1, 4, 3], "texture": "#7", "cullface": "north"},
				"up": {"uv": [5, 2, 8, 3], "rotation": 270, "texture": "#6", "cullface": "up"},
				"down": {"uv": [3, 1, 4, 3], "rotation": 90, "texture": "#5", "cullface": "north"}
			}
		},
		{
			"from": [0, 0, 16],
			"to": [16, 16, 16],
			"shade": false,
			"faces": {
				"north": {"uv": [0, 0, 16, 16], "texture": "#7", "cullface": "east"},
				"east": {"uv": [3, 1, 4, 3], "texture": "#5", "cullface": "north"},
				"west": {"uv": [3, 1, 4, 3], "texture": "#7", "cullface": "north"},
				"up": {"uv": [5, 2, 8, 3], "rotation": 270, "texture": "#6", "cullface": "up"},
				"down": {"uv": [3, 1, 4, 3], "rotation": 90, "texture": "#5", "cullface": "north"}
			}
		},
		{
			"from": [0, -16, 16],
			"to": [16, 0, 16],
			"shade": false,
			"faces": {
				"north": {"uv": [0, 0, 16, 16], "texture": "#7", "cullface": "east"},
				"east": {"uv": [3, 1, 4, 3], "texture": "#5", "cullface": "north"},
				"west": {"uv": [3, 1, 4, 3], "texture": "#7", "cullface": "north"},
				"up": {"uv": [5, 2, 8, 3], "rotation": 270, "texture": "#6", "cullface": "up"},
				"down": {"uv": [3, 1, 4, 3], "rotation": 90, "texture": "#5", "cullface": "north"}
			}
		},
		{
			"from": [0, 16, 16],
			"to": [16, 32, 16],
			"shade": false,
			"faces": {
				"north": {"uv": [0, 0, 16, 16], "texture": "#7", "cullface": "east"},
				"east": {"uv": [3, 1, 4, 3], "texture": "#5", "cullface": "north"},
				"west": {"uv": [3, 1, 4, 3], "texture": "#7", "cullface": "north"},
				"up": {"uv": [5, 2, 8, 3], "rotation": 270, "texture": "#6", "cullface": "up"},
				"down": {"uv": [3, 1, 4, 3], "rotation": 90, "texture": "#5", "cullface": "north"}
			}
		},
		{
			"from": [2.5, -13, 14.5],
			"to": [5.25, 24, 16.5],
			"shade": false,
			"faces": {
				"north": {"uv": [0, 0, 1.5, 16], "texture": "#9", "cullface": "east"},
				"east": {"uv": [0, 0, 1.5, 16], "texture": "#9", "cullface": "east"},
				"south": {"uv": [0, 0, 1.5, 16], "texture": "#9", "cullface": "east"},
				"west": {"uv": [0, 0, 1.5, 16], "texture": "#9", "cullface": "east"},
				"up": {"uv": [0, 0, 1.5, 16], "rotation": 270, "texture": "#9", "cullface": "east"},
				"down": {"uv": [0, 0, 0.5, 0.5], "rotation": 90, "texture": "#9", "cullface": "east"}
			}
		},
		{
			"from": [10.5, -13, 14.5],
			"to": [13.25, 24, 16.5],
			"shade": false,
			"faces": {
				"north": {"uv": [0, 0, 1.5, 16], "texture": "#9", "cullface": "east"},
				"east": {"uv": [0, 0, 1.5, 16], "texture": "#9", "cullface": "east"},
				"south": {"uv": [0, 0, 1.5, 16], "texture": "#9", "cullface": "east"},
				"west": {"uv": [0, 0, 1.5, 16], "texture": "#9", "cullface": "east"},
				"up": {"uv": [0, 0, 1.5, 16], "rotation": 270, "texture": "#9", "cullface": "east"},
				"down": {"uv": [0, 0, 0.5, 0.5], "rotation": 90, "texture": "#9", "cullface": "east"}
			}
		},
		{
			"from": [2.22012, 23.30058, 14],
			"to": [7.22012, 26.30058, 15],
			"shade": false,
			"rotation": {"angle": -22.5, "axis": "z", "origin": [8, 8, 8]},
			"faces": {
				"north": {"uv": [1, 3.5, 3.5, 5], "texture": "#8", "cullface": "east"},
				"east": {"uv": [3, 1, 4, 3], "texture": "#5", "cullface": "north"},
				"south": {"uv": [0, 0, 16, 16], "texture": "#5", "cullface": "west"},
				"west": {"uv": [3, 1, 4, 3], "texture": "#7", "cullface": "north"},
				"up": {"uv": [5, 2, 8, 3], "rotation": 270, "texture": "#6", "cullface": "up"},
				"down": {"uv": [3, 1, 4, 3], "rotation": 90, "texture": "#5", "cullface": "north"}
			}
		},
		{
			"from": [8.7067, 23.35311, 14],
			"to": [13.7067, 26.35311, 15],
			"shade": false,
			"rotation": {"angle": 22.5, "axis": "z", "origin": [8, 8, 8]},
			"faces": {
				"north": {"uv": [1, 3.5, 3.5, 5], "texture": "#8", "cullface": "east"},
				"east": {"uv": [3, 1, 4, 3], "texture": "#5", "cullface": "north"},
				"south": {"uv": [0, 0, 16, 16], "texture": "#5", "cullface": "west"},
				"west": {"uv": [3, 1, 4, 3], "texture": "#7", "cullface": "north"},
				"up": {"uv": [5, 2, 8, 3], "rotation": 270, "texture": "#6", "cullface": "up"},
				"down": {"uv": [3, 1, 4, 3], "rotation": 90, "texture": "#5", "cullface": "north"}
			}
		}
	]
}