{
	"credit": "Made with Blockbench",
	"texture_size": [32, 32],
	"textures": {
		"0": "custom/red_grass_block_side1",
		"1": "custom/red_grass_block_side2",
		"2": "custom/grass_block_side3",
		"3": "block/red_glass",
		"4": "custom/leaves4",
		"5": "custom/leaves3",
		"particle": "block/red_glass"
	},
	"elements": [
		{
			"from": [0, -16, 0],
			"to": [16, 0, 16],
			"shade": false,
			"faces": {
				"north": {"uv": [0, 0, 16, 16], "texture": "#0", "cullface": "north"},
				"east": {"uv": [0, 0, 16, 16], "texture": "#0", "cullface": "east"},
				"south": {"uv": [0, 0, 16, 16], "texture": "#1", "cullface": "south"},
				"west": {"uv": [0, 0, 16, 16], "texture": "#1", "cullface": "west"},
				"up": {"uv": [0, 0, 16, 16], "texture": "#3", "cullface": "up"},
				"down": {"uv": [0, 0, 16, 16], "texture": "#2", "cullface": "down"}
			}
		},
		{
			"from": [0, 0.75, 0],
			"to": [16, 0.75, 16],
			"shade": false,
			"faces": {
				"up": {"uv": [1.6, 1.6, 14.4, 14.4], "rotation": 270, "texture": "#4", "cullface": "up"}
			}
		},
		{
			"from": [7.68508, 0.25, -2.55585],
			"to": [7.68508, 9.25, 17.44415],
			"shade": false,
			"rotation": {"angle": -45, "axis": "y", "origin": [8, 8, 8]},
			"faces": {
				"east": {"uv": [3, 0, 13, 4.5], "texture": "#5", "cullface": "up"},
				"west": {"uv": [3, 0, 13, 4.5], "texture": "#5", "cullface": "up"}
			}
		},
		{
			"from": [-1.44415, 0.25, 7.68508],
			"to": [18.55585, 9.25, 7.68508],
			"shade": false,
			"rotation": {"angle": -45, "axis": "y", "origin": [8, 8, 8]},
			"faces": {
				"north": {"uv": [3, 0, 13, 4.5], "texture": "#5", "cullface": "up"},
				"south": {"uv": [3, 0, 13, 4.5], "texture": "#5", "cullface": "up"}
			}
		}
	]
}