{
	"credit": "Made with Blockbench",
	"textures": {
		"0": "custom/red_grass_block_side1",
		"1": "custom/red_grass_block_side2",
		"2": "custom/grass_block_side3",
		"3": "block/red_glass",
		"4": "custom/leaves4",
		"particle": "block/red_glass"
	},
	"elements": [
		{
			"from": [0, -16, 0],
			"to": [16, 0, 16],
			"shade": false,
			"faces": {
				"north": {"uv": [0, 0, 16, 16], "texture": "#0", "cullface": "north"},
				"east": {"uv": [0, 0, 16, 16], "texture": "#0", "cullface": "east"},
				"south": {"uv": [0, 0, 16, 16], "texture": "#1", "cullface": "south"},
				"west": {"uv": [0, 0, 16, 16], "texture": "#1", "cullface": "west"},
				"up": {"uv": [0, 0, 16, 16], "texture": "#3", "cullface": "up"},
				"down": {"uv": [0, 0, 16, 16], "texture": "#2", "cullface": "down"}
			}
		},
		{
			"from": [-2, 0.5, -2],
			"to": [18, 0.5, 18],
			"shade": false,
			"faces": {
				"up": {"uv": [0, 0, 16, 16], "texture": "#4", "cullface": "up"}
			}
		}
	]
}