{
	"credit": "Made with Blockbench",
	"textures": {
		"1": "custom/cube_bottom",
		"2": "custom/cube_side",
		"3": "custom/cube_top",
		"8": "custom/cube",
		"particle": "custom/cube_bottom"
	},
	"elements": [
		{
			"from": [2, 2, 2],
			"to": [14, 14, 14],
			"shade": false,
			"faces": {
				"north": {"uv": [5, 5, 11, 11], "texture": "#8"},
				"east": {"uv": [5, 5, 11, 11], "texture": "#8"},
				"south": {"uv": [5, 5, 11, 11], "texture": "#8"},
				"west": {"uv": [5, 5, 11, 11], "texture": "#8"},
				"up": {"uv": [5, 5, 11, 11], "rotation": 90, "texture": "#8"},
				"down": {"uv": [5, 5, 11, 11], "rotation": 270, "texture": "#8"}
			}
		},
		{
			"from": [14, 1, 1],
			"to": [16, 15, 5],
			"shade": false,
			"faces": {
				"north": {"uv": [2, 2, 4, 12], "texture": "#8"},
				"east": {"uv": [11, 1, 15, 15], "texture": "#8"},
				"south": {"uv": [2, 5, 4, 9], "texture": "#2"},
				"west": {"uv": [2, 5, 4, 9], "texture": "#2"},
				"up": {"uv": [2, 2, 6, 4], "rotation": 90, "texture": "#3"},
				"down": {"uv": [2, 2, 4, 4], "rotation": 270, "texture": "#1"}
			}
		},
		{
			"from": [1, 0, 1],
			"to": [15, 2, 5],
			"shade": false,
			"faces": {
				"north": {"uv": [2, 2, 4, 12], "rotation": 270, "texture": "#8"},
				"east": {"uv": [2, 2, 6, 4], "rotation": 180, "texture": "#8"},
				"south": {"uv": [2, 5, 4, 9], "rotation": 90, "texture": "#2"},
				"west": {"uv": [2, 2, 4, 4], "texture": "#2"},
				"up": {"uv": [2, 5, 4, 9], "rotation": 90, "texture": "#2"},
				"down": {"uv": [11, 1, 15, 15], "rotation": 90, "texture": "#1"}
			}
		},
		{
			"from": [1, 14, 1],
			"to": [15, 16, 5],
			"shade": false,
			"faces": {
				"north": {"uv": [2, 2, 4, 12], "rotation": 90, "texture": "#8"},
				"east": {"uv": [2, 2, 4, 4], "rotation": 180, "texture": "#8"},
				"south": {"uv": [2, 5, 4, 9], "rotation": 270, "texture": "#2"},
				"west": {"uv": [2, 2, 6, 4], "texture": "#2"},
				"up": {"uv": [11, 1, 15, 15], "rotation": 270, "texture": "#3"},
				"down": {"uv": [2, 5, 4, 9], "rotation": 270, "texture": "#2"}
			}
		},
		{
			"from": [1, 1, 0],
			"to": [5, 15, 2],
			"shade": false,
			"faces": {
				"north": {"uv": [11, 1, 15, 15], "texture": "#8"},
				"east": {"uv": [2, 5, 4, 9], "texture": "#8"},
				"south": {"uv": [2, 5, 4, 9], "texture": "#2"},
				"west": {"uv": [2, 2, 4, 12], "texture": "#2"},
				"up": {"uv": [2, 2, 6, 4], "texture": "#3"},
				"down": {"uv": [2, 2, 4, 4], "texture": "#1"}
			}
		},
		{
			"from": [11, 1, 14],
			"to": [15, 15, 16],
			"shade": false,
			"faces": {
				"north": {"uv": [2, 5, 4, 9], "texture": "#2"},
				"east": {"uv": [2, 2, 4, 12], "texture": "#8"},
				"south": {"uv": [11, 1, 15, 15], "texture": "#2"},
				"west": {"uv": [2, 5, 4, 9], "texture": "#2"},
				"up": {"uv": [2, 2, 6, 4], "rotation": 180, "texture": "#3"},
				"down": {"uv": [2, 2, 4, 4], "rotation": 180, "texture": "#1"}
			}
		},
		{
			"from": [0, 1, 11],
			"to": [2, 15, 15],
			"shade": false,
			"faces": {
				"north": {"uv": [2, 5, 4, 9], "texture": "#8"},
				"east": {"uv": [2, 5, 4, 9], "texture": "#2"},
				"south": {"uv": [2, 2, 4, 12], "texture": "#2"},
				"west": {"uv": [11, 1, 15, 15], "texture": "#2"},
				"up": {"uv": [2, 2, 6, 4], "rotation": 270, "texture": "#3"},
				"down": {"uv": [2, 2, 4, 4], "rotation": 90, "texture": "#1"}
			}
		},
		{
			"from": [14, 1, 11],
			"to": [16, 15, 15],
			"shade": false,
			"faces": {
				"north": {"uv": [2, 3, 4, 14], "texture": "#8"},
				"east": {"uv": [1, 1, 5, 15], "texture": "#8"},
				"south": {"uv": [2, 5, 4, 9], "texture": "#2"},
				"west": {"uv": [2, 5, 4, 9], "texture": "#2"},
				"up": {"uv": [2, 2, 6, 4], "rotation": 90, "texture": "#3"},
				"down": {"uv": [2, 2, 4, 4], "rotation": 270, "texture": "#1"}
			}
		},
		{
			"from": [1, 0, 11],
			"to": [15, 2, 15],
			"shade": false,
			"faces": {
				"north": {"uv": [2, 3, 4, 14], "rotation": 270, "texture": "#8"},
				"east": {"uv": [2, 2, 6, 4], "rotation": 180, "texture": "#8"},
				"south": {"uv": [2, 5, 4, 9], "rotation": 90, "texture": "#2"},
				"west": {"uv": [2, 2, 4, 4], "texture": "#2"},
				"up": {"uv": [2, 5, 4, 9], "rotation": 90, "texture": "#2"},
				"down": {"uv": [1, 1, 5, 15], "rotation": 90, "texture": "#1"}
			}
		},
		{
			"from": [1, 14, 11],
			"to": [15, 16, 15],
			"shade": false,
			"faces": {
				"north": {"uv": [2, 3, 4, 14], "rotation": 90, "texture": "#8"},
				"east": {"uv": [2, 2, 4, 4], "rotation": 180, "texture": "#8"},
				"south": {"uv": [2, 5, 4, 9], "rotation": 270, "texture": "#2"},
				"west": {"uv": [2, 2, 6, 4], "texture": "#2"},
				"up": {"uv": [1, 1, 5, 15], "rotation": 270, "texture": "#3"},
				"down": {"uv": [2, 5, 4, 9], "rotation": 270, "texture": "#2"}
			}
		},
		{
			"from": [11, 1, 0],
			"to": [15, 15, 2],
			"shade": false,
			"faces": {
				"north": {"uv": [1, 1, 5, 15], "texture": "#8"},
				"east": {"uv": [2, 5, 4, 9], "texture": "#8"},
				"south": {"uv": [2, 5, 4, 9], "texture": "#2"},
				"west": {"uv": [2, 3, 4, 14], "texture": "#2"},
				"up": {"uv": [2, 2, 6, 4], "texture": "#3"},
				"down": {"uv": [2, 2, 4, 4], "texture": "#1"}
			}
		},
		{
			"from": [1, 1, 14],
			"to": [5, 15, 16],
			"shade": false,
			"faces": {
				"north": {"uv": [2, 5, 4, 9], "texture": "#2"},
				"east": {"uv": [2, 3, 4, 14], "texture": "#8"},
				"south": {"uv": [1, 1, 5, 15], "texture": "#2"},
				"west": {"uv": [2, 5, 4, 9], "texture": "#2"},
				"up": {"uv": [2, 2, 6, 4], "rotation": 180, "texture": "#3"},
				"down": {"uv": [2, 2, 4, 4], "rotation": 180, "texture": "#1"}
			}
		},
		{
			"from": [0, 1, 1],
			"to": [2, 15, 5],
			"shade": false,
			"faces": {
				"north": {"uv": [2, 5, 4, 9], "texture": "#8"},
				"east": {"uv": [2, 5, 4, 9], "texture": "#2"},
				"south": {"uv": [2, 3, 4, 14], "texture": "#2"},
				"west": {"uv": [1, 1, 5, 15], "texture": "#2"},
				"up": {"uv": [2, 2, 6, 4], "rotation": 270, "texture": "#3"},
				"down": {"uv": [2, 2, 4, 4], "rotation": 90, "texture": "#1"}
			}
		},
		{
			"from": [14, 1, 5],
			"to": [16, 5, 11],
			"shade": false,
			"faces": {
				"north": {"uv": [1, 1, 5, 15], "texture": "#8"},
				"east": {"uv": [5, 11, 11, 15], "texture": "#8"},
				"south": {"uv": [2, 5, 4, 9], "texture": "#2"},
				"west": {"uv": [2, 5, 4, 9], "texture": "#2"},
				"up": {"uv": [4, 2, 8, 4], "rotation": 90, "texture": "#3"},
				"down": {"uv": [2, 2, 5, 4], "rotation": 270, "texture": "#1"}
			}
		},
		{
			"from": [1, 0, 5],
			"to": [5, 2, 11],
			"shade": false,
			"faces": {
				"north": {"uv": [1, 1, 5, 15], "rotation": 270, "texture": "#8"},
				"east": {"uv": [4, 2, 8, 4], "rotation": 180, "texture": "#3"},
				"south": {"uv": [2, 5, 4, 9], "rotation": 90, "texture": "#2"},
				"west": {"uv": [2, 2, 5, 4], "texture": "#2"},
				"up": {"uv": [2, 5, 4, 9], "rotation": 90, "texture": "#2"},
				"down": {"uv": [5, 11, 11, 15], "rotation": 90, "texture": "#1"}
			}
		},
		{
			"from": [11, 14, 5],
			"to": [15, 16, 11],
			"shade": false,
			"faces": {
				"north": {"uv": [1, 1, 5, 15], "rotation": 90, "texture": "#8"},
				"east": {"uv": [2, 2, 5, 4], "rotation": 180, "texture": "#8"},
				"south": {"uv": [2, 5, 4, 9], "rotation": 270, "texture": "#2"},
				"west": {"uv": [4, 2, 8, 4], "texture": "#2"},
				"up": {"uv": [5, 11, 11, 15], "rotation": 270, "texture": "#3"},
				"down": {"uv": [2, 5, 4, 9], "rotation": 270, "texture": "#2"}
			}
		},
		{
			"from": [5, 1, 0],
			"to": [11, 5, 2],
			"shade": false,
			"faces": {
				"north": {"uv": [5, 11, 11, 15], "texture": "#8"},
				"east": {"uv": [2, 5, 4, 9], "texture": "#2"},
				"south": {"uv": [2, 5, 4, 9], "texture": "#2"},
				"west": {"uv": [1, 1, 5, 15], "texture": "#8"},
				"up": {"uv": [4, 2, 8, 4], "texture": "#3"},
				"down": {"uv": [2, 2, 5, 4], "texture": "#1"}
			}
		},
		{
			"from": [5, 1, 14],
			"to": [11, 5, 16],
			"shade": false,
			"faces": {
				"north": {"uv": [2, 5, 4, 9], "texture": "#2"},
				"east": {"uv": [1, 1, 5, 15], "texture": "#8"},
				"south": {"uv": [5, 11, 11, 15], "texture": "#2"},
				"west": {"uv": [2, 5, 4, 9], "texture": "#2"},
				"up": {"uv": [4, 2, 8, 4], "rotation": 180, "texture": "#3"},
				"down": {"uv": [2, 2, 5, 4], "rotation": 180, "texture": "#1"}
			}
		},
		{
			"from": [0, 1, 5],
			"to": [2, 5, 11],
			"shade": false,
			"faces": {
				"north": {"uv": [2, 5, 4, 9], "texture": "#2"},
				"east": {"uv": [2, 5, 4, 9], "texture": "#2"},
				"south": {"uv": [1, 1, 5, 15], "texture": "#8"},
				"west": {"uv": [5, 11, 11, 15], "texture": "#2"},
				"up": {"uv": [4, 2, 8, 4], "rotation": 270, "texture": "#3"},
				"down": {"uv": [2, 2, 5, 4], "rotation": 90, "texture": "#1"}
			}
		},
		{
			"from": [14, 11, 5],
			"to": [16, 15, 11],
			"shade": false,
			"faces": {
				"north": {"uv": [1, 1, 5, 15], "texture": "#8"},
				"east": {"uv": [5, 1, 11, 5], "texture": "#8"},
				"south": {"uv": [2, 5, 4, 9], "texture": "#2"},
				"west": {"uv": [2, 5, 4, 9], "texture": "#2"},
				"up": {"uv": [4, 2, 8, 4], "rotation": 90, "texture": "#3"},
				"down": {"uv": [2, 2, 5, 4], "rotation": 270, "texture": "#1"}
			}
		},
		{
			"from": [11, 0, 5],
			"to": [15, 2, 11],
			"shade": false,
			"faces": {
				"north": {"uv": [1, 1, 5, 15], "rotation": 270, "texture": "#8"},
				"east": {"uv": [4, 2, 8, 4], "rotation": 180, "texture": "#8"},
				"south": {"uv": [2, 5, 4, 9], "rotation": 90, "texture": "#2"},
				"west": {"uv": [2, 2, 5, 4], "texture": "#1"},
				"up": {"uv": [2, 5, 4, 9], "rotation": 90, "texture": "#2"},
				"down": {"uv": [5, 1, 11, 5], "rotation": 90, "texture": "#1"}
			}
		},
		{
			"from": [1, 14, 5],
			"to": [5, 16, 11],
			"shade": false,
			"faces": {
				"north": {"uv": [1, 1, 5, 15], "rotation": 90, "texture": "#8"},
				"east": {"uv": [2, 2, 5, 4], "rotation": 180, "texture": "#8"},
				"south": {"uv": [2, 5, 4, 9], "rotation": 270, "texture": "#2"},
				"west": {"uv": [4, 2, 8, 4], "texture": "#2"},
				"up": {"uv": [5, 1, 11, 5], "rotation": 270, "texture": "#3"},
				"down": {"uv": [2, 5, 4, 9], "rotation": 270, "texture": "#2"}
			}
		},
		{
			"from": [5, 11, 0],
			"to": [11, 15, 2],
			"shade": false,
			"faces": {
				"north": {"uv": [5, 1, 11, 5], "texture": "#8"},
				"east": {"uv": [2, 5, 4, 9], "texture": "#2"},
				"south": {"uv": [2, 5, 4, 9], "texture": "#2"},
				"west": {"uv": [1, 1, 5, 15], "texture": "#8"},
				"up": {"uv": [4, 2, 8, 4], "texture": "#3"},
				"down": {"uv": [2, 2, 5, 4], "texture": "#1"}
			}
		},
		{
			"from": [5, 11, 14],
			"to": [11, 15, 16],
			"shade": false,
			"faces": {
				"north": {"uv": [2, 5, 4, 9], "texture": "#2"},
				"east": {"uv": [1, 1, 5, 15], "texture": "#8"},
				"south": {"uv": [5, 1, 11, 5], "texture": "#2"},
				"west": {"uv": [2, 5, 4, 9], "texture": "#2"},
				"up": {"uv": [4, 2, 8, 4], "rotation": 180, "texture": "#3"},
				"down": {"uv": [2, 2, 5, 4], "rotation": 180, "texture": "#1"}
			}
		},
		{
			"from": [0, 11, 5],
			"to": [2, 15, 11],
			"shade": false,
			"faces": {
				"north": {"uv": [2, 5, 4, 9], "texture": "#2"},
				"east": {"uv": [2, 5, 4, 9], "texture": "#2"},
				"south": {"uv": [1, 1, 5, 15], "texture": "#8"},
				"west": {"uv": [5, 1, 11, 5], "texture": "#2"},
				"up": {"uv": [4, 2, 8, 4], "rotation": 270, "texture": "#3"},
				"down": {"uv": [2, 2, 5, 4], "rotation": 90, "texture": "#1"}
			}
		}
	],
	"display": {
		"head": {
			"translation": [0, -36.5, 0],
			"scale": [0.8, 0.8, 0.8]
		}
	}
}