{
	"credit": "Made with Blockbench",
	"texture_size": [32, 32],
	"textures": {
		"2": "custom/grass_block_side3",
		"7": "custom/plant9",
		"8": "block/red_glass",
		"9": "custom/red_grass_block_side1",
		"10": "custom/red_grass_block_side2",
		"11": "custom/leaves4",
		"particle": "custom/leaves4"
	},
	"elements": [
		{
			"from": [0, -16, 0],
			"to": [16, 0, 16],
			"shade": false,
			"faces": {
				"north": {"uv": [0, 0, 16, 16], "texture": "#9", "cullface": "north"},
				"east": {"uv": [0, 0, 16, 16], "texture": "#9", "cullface": "east"},
				"south": {"uv": [0, 0, 16, 16], "texture": "#10", "cullface": "south"},
				"west": {"uv": [0, 0, 16, 16], "texture": "#10", "cullface": "west"},
				"up": {"uv": [0, 0, 16, 16], "texture": "#8", "cullface": "up"},
				"down": {"uv": [0, 0, 16, 16], "texture": "#2", "cullface": "down"}
			}
		},
		{
			"from": [0, 1, 0],
			"to": [16, 1, 16],
			"shade": false,
			"faces": {
				"up": {"uv": [2.4, 0, 15.2, 12.8], "texture": "#11", "cullface": "up"}
			}
		},
		{
			"from": [8.0074, -6, 0.80148],
			"to": [8.0074, 10, 15.20148],
			"shade": false,
			"rotation": {"angle": -22.5, "axis": "y", "origin": [8, 8, 8], "rescale": true},
			"faces": {
				"east": {"uv": [0, 0, 16, 16], "texture": "#7"},
				"west": {"uv": [0, 0, 16, 16], "texture": "#7"}
			}
		},
		{
			"from": [0.8074, -6, 8.00148],
			"to": [15.2074, 10, 8.00148],
			"shade": false,
			"rotation": {"angle": -22.5, "axis": "y", "origin": [8, 8, 8], "rescale": true},
			"faces": {
				"north": {"uv": [0, 0, 16, 16], "texture": "#7"},
				"south": {"uv": [0, 0, 16, 16], "texture": "#7"}
			}
		}
	]
}