{
	"credit": "Made with Blockbench",
	"texture_size": [32, 32],
	"textures": {
		"2": "custom/grass_block_side3",
		"5": "custom/mushroom2",
		"8": "block/red_glass",
		"9": "custom/red_grass_block_side1",
		"10": "custom/red_grass_block_side2",
		"11": "custom/leaves5",
		"particle": "custom/leaves5"
	},
	"elements": [
		{
			"from": [0, -16, 0],
			"to": [16, 0, 16],
			"shade": false,
			"faces": {
				"north": {"uv": [0, 0, 16, 16], "texture": "#9", "cullface": "north"},
				"east": {"uv": [0, 0, 16, 16], "texture": "#9", "cullface": "east"},
				"south": {"uv": [0, 0, 16, 16], "texture": "#10", "cullface": "south"},
				"west": {"uv": [0, 0, 16, 16], "texture": "#10", "cullface": "west"},
				"up": {"uv": [0, 0, 16, 16], "texture": "#8", "cullface": "up"},
				"down": {"uv": [0, 0, 16, 16], "texture": "#2", "cullface": "down"}
			}
		},
		{
			"from": [-1.41421, 1, 1.41421],
			"to": [14.58579, 1, 17.41421],
			"shade": false,
			"rotation": {"angle": -45, "axis": "y", "origin": [8, 8, 8]},
			"faces": {
				"up": {"uv": [0, 0, 16, 16], "rotation": 90, "texture": "#11", "cullface": "south"}
			}
		},
		{
			"from": [11.94975, 0, 1.67868],
			"to": [11.94975, 16, 16.07868],
			"shade": false,
			"rotation": {"angle": -45, "axis": "y", "origin": [8, 8, 8], "rescale": true},
			"faces": {
				"east": {"uv": [0, 0, 16, 16], "texture": "#5"},
				"west": {"uv": [0, 0, 16, 16], "texture": "#5"}
			}
		},
		{
			"from": [4.74975, 0, 8.87868],
			"to": [19.14975, 16, 8.87868],
			"shade": false,
			"rotation": {"angle": -45, "axis": "y", "origin": [8, 8, 8], "rescale": true},
			"faces": {
				"north": {"uv": [0, 0, 16, 16], "texture": "#5"},
				"south": {"uv": [0, 0, 16, 16], "texture": "#5"}
			}
		}
	]
}