{
	"credit": "Made with Blockbench",
	"texture_size": [32, 32],
	"textures": {
		"2": "custom/grass_block_side3",
		"7": "custom/plant9",
		"8": "block/red_glass",
		"9": "custom/red_grass_block_side1",
		"10": "custom/red_grass_block_side2",
		"11": "custom/leaves5",
		"particle": "custom/leaves5"
	},
	"elements": [
		{
			"from": [0, -16, 0],
			"to": [16, 0, 16],
			"shade": false,
			"faces": {
				"north": {"uv": [0, 0, 16, 16], "texture": "#9", "cullface": "north"},
				"east": {"uv": [0, 0, 16, 16], "texture": "#9", "cullface": "east"},
				"south": {"uv": [0, 0, 16, 16], "texture": "#10", "cullface": "south"},
				"west": {"uv": [0, 0, 16, 16], "texture": "#10", "cullface": "west"},
				"up": {"uv": [0, 0, 16, 16], "texture": "#8", "cullface": "up"},
				"down": {"uv": [0, 0, 16, 16], "texture": "#2", "cullface": "down"}
			}
		},
		{
			"from": [0, 1, 0],
			"to": [16, 1, 16],
			"shade": false,
			"faces": {
				"up": {"uv": [0, 0, 16, 16], "texture": "#11", "cullface": "south"}
			}
		},
		{
			"from": [7.70711, 0, 0.26447],
			"to": [7.70711, 16, 14.66447],
			"shade": false,
			"rotation": {"angle": -45, "axis": "y", "origin": [8, 8, 8], "rescale": true},
			"faces": {
				"east": {"uv": [0, 0, 16, 16], "texture": "#7"},
				"west": {"uv": [0, 0, 16, 16], "texture": "#7"}
			}
		},
		{
			"from": [0.50711, 0, 7.46447],
			"to": [14.90711, 16, 7.46447],
			"shade": false,
			"rotation": {"angle": -45, "axis": "y", "origin": [8, 8, 8], "rescale": true},
			"faces": {
				"north": {"uv": [0, 0, 16, 16], "texture": "#7"},
				"south": {"uv": [0, 0, 16, 16], "texture": "#7"}
			}
		}
	]
}