{
	"credit": "Made with Blockbench",
	"textures": {
		"0": "custom/sign",
		"1": "custom/grass3",
		"2": "custom/grass4",
		"3": "custom/grass5",
		"4": "custom/ugly_brick_thing",
		"5": "custom/flowers3",
		"6": "block/glass",
		"particle": "custom/sign"
	},
	"elements": [
		{
			"from": [0, -5, -4],
			"to": [21, 5, 28],
			"shade": false,
			"rotation": {"angle": 22.5, "axis": "z", "origin": [8, 8, 8]},
			"faces": {
				"north": {"uv": [0, 0, 16, 5.5], "texture": "#0"},
				"east": {"uv": [0, 0, 16, 5.5], "texture": "#0"},
				"south": {"uv": [0, 0, 16, 5.5], "texture": "#0"},
				"west": {"uv": [0, 0, 16, 5.5], "texture": "#0"},
				"up": {"uv": [0, 5.5, 16, 16], "rotation": 90, "texture": "#0"},
				"down": {"uv": [15, 5, 16, 5.5], "rotation": 90, "texture": "#0"}
			}
		},
		{
			"from": [10, 5.75, 20],
			"to": [21, 5.75, 30],
			"shade": false,
			"rotation": {"angle": 22.5, "axis": "z", "origin": [8, 8, 8]},
			"faces": {
				"up": {"uv": [6, 5, 16, 16], "rotation": 90, "texture": "#5"}
			}
		},
		{
			"from": [-5.36396, 0, 0.36396],
			"to": [-5.36396, 12, 11.36396],
			"shade": false,
			"rotation": {"angle": -45, "axis": "y", "origin": [8, 8, 8]},
			"faces": {
				"east": {"uv": [7, 5, 15, 13.5], "texture": "#1"},
				"west": {"uv": [7, 5, 15, 13.5], "texture": "#1"}
			}
		},
		{
			"from": [-9.36396, 0, -2.36396],
			"to": [1.63604, 12, -2.36396],
			"shade": false,
			"rotation": {"angle": -22.5, "axis": "y", "origin": [8, 8, 8]},
			"faces": {
				"north": {"uv": [7, 5, 15, 13.5], "texture": "#1"},
				"south": {"uv": [7, 5, 15, 13.5], "texture": "#1"}
			}
		},
		{
			"from": [31.36396, 0, 2.63604],
			"to": [31.36396, 16, 18.63604],
			"shade": false,
			"rotation": {"angle": -22.5, "axis": "y", "origin": [8, 8, 8]},
			"faces": {
				"east": {"uv": [0, 0, 16, 16], "texture": "#2"},
				"west": {"uv": [0, 0, 16, 16], "texture": "#2"}
			}
		},
		{
			"from": [26.36396, 0, -8.36396],
			"to": [26.36396, 16, 7.63604],
			"shade": false,
			"faces": {
				"east": {"uv": [0, 0, 16, 16], "texture": "#3"},
				"west": {"uv": [0, 0, 16, 16], "texture": "#3"}
			}
		},
		{
			"from": [-3, 0, 0],
			"to": [1, 1, 4],
			"shade": false,
			"faces": {
				"north": {"uv": [4, 10, 6, 12], "texture": "#4"},
				"east": {"uv": [4, 10, 6, 12], "texture": "#4"},
				"south": {"uv": [4, 10, 6, 12], "texture": "#4"},
				"west": {"uv": [4, 10, 6, 12], "texture": "#4"},
				"up": {"uv": [3.5, 7, 5.5, 9], "texture": "#4"},
				"down": {"uv": [4, 10, 6, 12], "texture": "#4"}
			}
		},
		{
			"from": [0, 0, 16],
			"to": [16, 0, 32],
			"shade": false,
			"faces": {
				"up": {"uv": [0, 0, 16, 16], "texture": "#6"}
			}
		},
		{
			"from": [-7, 0, 24],
			"to": [-3, 1, 28],
			"shade": false,
			"rotation": {"angle": 22.5, "axis": "y", "origin": [8, 8, 8]},
			"faces": {
				"north": {"uv": [4, 10, 6, 12], "texture": "#4"},
				"east": {"uv": [4, 10, 6, 12], "texture": "#4"},
				"south": {"uv": [4, 10, 6, 12], "texture": "#4"},
				"west": {"uv": [4, 10, 6, 12], "texture": "#4"},
				"up": {"uv": [3.5, 7, 5.5, 9], "texture": "#4"},
				"down": {"uv": [4, 10, 6, 12], "texture": "#4"}
			}
		},
		{
			"from": [14, 0, -5],
			"to": [18, 1, -1],
			"shade": false,
			"rotation": {"angle": 22.5, "axis": "y", "origin": [8, 8, 8]},
			"faces": {
				"north": {"uv": [4, 10, 6, 12], "texture": "#4"},
				"east": {"uv": [4, 10, 6, 12], "texture": "#4"},
				"south": {"uv": [4, 10, 6, 12], "texture": "#4"},
				"west": {"uv": [4, 10, 6, 12], "texture": "#4"},
				"up": {"uv": [3.5, 7, 5.5, 9], "texture": "#4"},
				"down": {"uv": [4, 10, 6, 12], "texture": "#4"}
			}
		},
		{
			"from": [-4, 0, 10],
			"to": [0, 1, 14],
			"shade": false,
			"rotation": {"angle": -22.5, "axis": "y", "origin": [8, 8, 8]},
			"faces": {
				"north": {"uv": [4, 10, 6, 12], "texture": "#4"},
				"east": {"uv": [4, 10, 6, 12], "texture": "#4"},
				"south": {"uv": [4, 10, 6, 12], "texture": "#4"},
				"west": {"uv": [4, 10, 6, 12], "texture": "#4"},
				"up": {"uv": [3.5, 7, 5.5, 9], "texture": "#4"},
				"down": {"uv": [4, 10, 6, 12], "texture": "#4"}
			}
		}
	]
}