{
	"credit": "Made with Blockbench",
	"textures": {
		"0": "custom/trunk",
		"1": "custom/leaves6",
		"particle": "custom/trunk"
	},
	"elements": [
		{
			"from": [6, 0, 6],
			"to": [10, 16, 10],
			"shade": false,
			"faces": {
				"north": {"uv": [4, 0, 8, 16], "texture": "#0"},
				"east": {"uv": [0, 0, 4, 16], "texture": "#0"},
				"south": {"uv": [0, 0, 4, 16], "texture": "#0"},
				"west": {"uv": [4, 0, 8, 16], "texture": "#0"},
				"up": {"uv": [4, 0, 8, 16], "texture": "#0"},
				"down": {"uv": [0, 0, 4, 16], "texture": "#0"}
			}
		},
		{
			"from": [9.75736, 7.07107, 7],
			"to": [11.75736, 16.07107, 9],
			"shade": false,
			"rotation": {"angle": -45, "axis": "z", "origin": [8, 8, 8]},
			"faces": {
				"north": {"uv": [5, 2, 7, 9], "texture": "#0"},
				"east": {"uv": [0, 2, 2, 9], "texture": "#0"},
				"south": {"uv": [1, 2, 3, 9], "texture": "#0"},
				"west": {"uv": [5, 3, 7, 10], "texture": "#0"},
				"up": {"uv": [5, 2, 7, 4], "rotation": 90, "texture": "#0"},
				"down": {"uv": [0, 0, 2, 2], "rotation": 270, "texture": "#0"}
			}
		},
		{
			"from": [12.65685, 5.65685, 1],
			"to": [26.65685, 5.65685, 15],
			"shade": false,
			"rotation": {"angle": 45, "axis": "z", "origin": [8, 8, 8]},
			"faces": {
				"north": {"uv": [0, 0, 11, 0], "texture": "#0"},
				"east": {"uv": [0, 0, 12, 0], "texture": "#0"},
				"south": {"uv": [0, 0, 11, 0], "texture": "#0"},
				"west": {"uv": [0, 0, 12, 0], "texture": "#0"},
				"up": {"uv": [4, 0, 11, 7], "rotation": 90, "texture": "#1"},
				"down": {"uv": [4, 9, 11, 16], "rotation": 270, "texture": "#1"}
			}
		}
	]
}