{
	"credit": "Made with Blockbench",
	"textures": {
		"0": "custom/trunk",
		"1": "custom/leaves3",
		"particle": "custom/trunk"
	},
	"elements": [
		{
			"from": [6, 0, 6],
			"to": [10, 16, 10],
			"shade": false,
			"faces": {
				"north": {"uv": [4, 0, 8, 16], "texture": "#0"},
				"east": {"uv": [0, 0, 4, 16], "texture": "#0"},
				"south": {"uv": [0, 0, 4, 16], "texture": "#0"},
				"west": {"uv": [4, 0, 8, 16], "texture": "#0"},
				"up": {"uv": [4, 0, 8, 16], "texture": "#0"},
				"down": {"uv": [0, 0, 4, 16], "texture": "#0"}
			}
		},
		{
			"from": [7, 7.07107, 4.24264],
			"to": [9, 16.07107, 6.24264],
			"shade": false,
			"rotation": {"angle": -45, "axis": "x", "origin": [8, 8, 8]},
			"faces": {
				"north": {"uv": [1, 2, 3, 9], "texture": "#0"},
				"east": {"uv": [1, 2, 3, 9], "texture": "#0"},
				"south": {"uv": [5, 3, 7, 10], "texture": "#0"},
				"west": {"uv": [5, 1, 7, 8], "texture": "#0"},
				"up": {"uv": [5, 2, 7, 4], "texture": "#0"},
				"down": {"uv": [0, 0, 2, 2], "texture": "#0"}
			}
		},
		{
			"from": [1, 5.65685, -10.65685],
			"to": [15, 5.65685, 3.34315],
			"shade": false,
			"rotation": {"angle": 45, "axis": "x", "origin": [8, 8, 8]},
			"faces": {
				"north": {"uv": [0, 0, 12, 0], "texture": "#0"},
				"east": {"uv": [0, 0, 11, 0], "texture": "#0"},
				"south": {"uv": [0, 0, 12, 0], "texture": "#0"},
				"west": {"uv": [0, 0, 11, 0], "texture": "#0"},
				"up": {"uv": [4, 0, 11, 7], "texture": "#1"},
				"down": {"uv": [4, 9, 11, 16], "texture": "#1"}
			}
		}
	]
}