{
	"credit": "Made with Blockbench",
	"textures": {
		"4": "custom/brick_bottom",
		"5": "custom/brick_side1",
		"6": "custom/brick_top1",
		"7": "custom/brick1",
		"8": "custom/ugly_brick_thing",
		"particle": "custom/brick_top1"
	},
	"elements": [
		{
			"from": [0, 0, 0],
			"to": [16, 9, 16],
			"shade": false,
			"faces": {
				"north": {"uv": [0, 8, 16, 16], "texture": "#7"},
				"east": {"uv": [0, 8, 16, 16], "texture": "#7"},
				"south": {"uv": [0, 0, 16, 8], "texture": "#5"},
				"west": {"uv": [0, 0, 16, 8], "texture": "#5"},
				"up": {"uv": [0, 0, 16, 16], "texture": "#6"},
				"down": {"uv": [0, 0, 16, 16], "texture": "#4"}
			}
		},
		{
			"from": [13, 6, -1],
			"to": [17, 10, 3],
			"shade": false,
			"faces": {
				"north": {"uv": [3.5, 7, 5.5, 9], "texture": "#8"},
				"east": {"uv": [3.5, 7, 5.5, 9], "texture": "#8"},
				"south": {"uv": [6, 7, 8, 9], "texture": "#8"},
				"west": {"uv": [6, 7, 8, 9], "texture": "#8"},
				"up": {"uv": [3.5, 7, 5.5, 9], "texture": "#8"},
				"down": {"uv": [3.5, 7, 5.5, 9], "texture": "#8"}
			}
		},
		{
			"from": [13, -4, -1],
			"to": [17, 0, 3],
			"shade": false,
			"faces": {
				"north": {"uv": [3.5, 7, 5.5, 9], "texture": "#8"},
				"east": {"uv": [3.5, 7, 5.5, 9], "texture": "#8"},
				"south": {"uv": [6, 7, 8, 9], "texture": "#8"},
				"west": {"uv": [6, 7, 8, 9], "texture": "#8"},
				"up": {"uv": [3.5, 7, 5.5, 9], "texture": "#8"},
				"down": {"uv": [6, 7, 8, 9], "texture": "#8"}
			}
		},
		{
			"from": [13, 6, 13],
			"to": [17, 10, 17],
			"shade": false,
			"faces": {
				"north": {"uv": [3.5, 7, 5.5, 9], "texture": "#8"},
				"east": {"uv": [3.5, 7, 5.5, 9], "texture": "#8"},
				"south": {"uv": [6, 7, 8, 9], "texture": "#8"},
				"west": {"uv": [6, 7, 8, 9], "texture": "#8"},
				"up": {"uv": [3.5, 7, 5.5, 9], "texture": "#8"},
				"down": {"uv": [3.5, 7, 5.5, 9], "texture": "#8"}
			}
		},
		{
			"from": [13, -4, 13],
			"to": [17, 0, 17],
			"shade": false,
			"faces": {
				"north": {"uv": [3.5, 7, 5.5, 9], "texture": "#8"},
				"east": {"uv": [3.5, 7, 5.5, 9], "texture": "#8"},
				"south": {"uv": [6, 7, 8, 9], "texture": "#8"},
				"west": {"uv": [6, 7, 8, 9], "texture": "#8"},
				"up": {"uv": [3.5, 7, 5.5, 9], "texture": "#8"},
				"down": {"uv": [6, 7, 8, 9], "texture": "#8"}
			}
		},
		{
			"from": [-1, 6, 13],
			"to": [3, 10, 17],
			"shade": false,
			"faces": {
				"north": {"uv": [3.5, 7, 5.5, 9], "texture": "#8"},
				"east": {"uv": [3.5, 7, 5.5, 9], "texture": "#8"},
				"south": {"uv": [6, 7, 8, 9], "texture": "#8"},
				"west": {"uv": [6, 7, 8, 9], "texture": "#8"},
				"up": {"uv": [3.5, 7, 5.5, 9], "texture": "#8"},
				"down": {"uv": [3.5, 7, 5.5, 9], "texture": "#8"}
			}
		},
		{
			"from": [-1, -4, 13],
			"to": [3, 0, 17],
			"shade": false,
			"faces": {
				"north": {"uv": [3.5, 7, 5.5, 9], "texture": "#8"},
				"east": {"uv": [3.5, 7, 5.5, 9], "texture": "#8"},
				"south": {"uv": [6, 7, 8, 9], "texture": "#8"},
				"west": {"uv": [6, 7, 8, 9], "texture": "#8"},
				"up": {"uv": [3.5, 7, 5.5, 9], "texture": "#8"},
				"down": {"uv": [6, 7, 8, 9], "texture": "#8"}
			}
		},
		{
			"from": [-1, 6, -1],
			"to": [3, 10, 3],
			"shade": false,
			"faces": {
				"north": {"uv": [3.5, 7, 5.5, 9], "texture": "#8"},
				"east": {"uv": [3.5, 7, 5.5, 9], "texture": "#8"},
				"south": {"uv": [6, 7, 8, 9], "texture": "#8"},
				"west": {"uv": [6, 7, 8, 9], "texture": "#8"},
				"up": {"uv": [3.5, 7, 5.5, 9], "texture": "#8"},
				"down": {"uv": [3.5, 7, 5.5, 9], "texture": "#8"}
			}
		},
		{
			"from": [-1, -4, -1],
			"to": [3, 0, 3],
			"shade": false,
			"faces": {
				"north": {"uv": [3.5, 7, 5.5, 9], "texture": "#8"},
				"east": {"uv": [3.5, 7, 5.5, 9], "texture": "#8"},
				"south": {"uv": [6, 7, 8, 9], "texture": "#8"},
				"west": {"uv": [6, 7, 8, 9], "texture": "#8"},
				"up": {"uv": [3.5, 7, 5.5, 9], "texture": "#8"},
				"down": {"uv": [6, 7, 8, 9], "texture": "#8"}
			}
		},
		{
			"from": [-3, 0, -3],
			"to": [19, 6, 19],
			"shade": false,
			"faces": {
				"north": {"uv": [2.5, 13, 13.5, 16], "texture": "#8"},
				"east": {"uv": [2.5, 13, 13.5, 16], "texture": "#8"},
				"south": {"uv": [2.5, 9.5, 13.5, 12.5], "texture": "#8"},
				"west": {"uv": [2.5, 9.5, 13.5, 12.5], "texture": "#8"},
				"up": {"uv": [5, 9, 6, 10], "texture": "#6"},
				"down": {"uv": [0, 0, 16, 16], "texture": "#4"}
			}
		}
	]
}