{
  "parent": "item/handheld",
  "textures": {
    "layer0": "items/arrow"
  },
  "overrides": [
    {
      "predicate": {
        "custom_model_data": 219
      },
      "model": "item/custom/elf_weapon_arrow"
    },
    {
      "predicate": {
        "custom_model_data": 220
      },
      "model": "item/custom/elf_weapon_poisonarrow"
    },
    {
      "predicate": {
        "custom_model_data": 221
      },
      "model": "item/custom/elf_weapon_weaknessarrow"
    },
    {
      "predicate": {
        "custom_model_data": 320
      },
      "model": "item/custom/people_weapon_arrow"
    }
  ]
}