{
  "parent": "item/handheld",
  "textures": {
    "layer0": "items/iron_pickaxe"
  },
  "overrides": [
    {
      "predicate": {
        "custom_model_data": 230
      },
      "model": "item/custom/elf_toolstieri_pickaxe"
    },
    {
      "predicate": {
        "custom_model_data": 234
      },
      "model": "item/custom/elf_toolstierii_pickaxe"
    },
    {
      "predicate": {
        "custom_model_data": 328
      },
      "model": "item/custom/people_toolstieri_pickaxe"
    },
    {
      "predicate": {
        "custom_model_data": 332
      },
      "model": "item/custom/people_toolstierii_pickaxe"
    }
  ]
}