{
  "parent": "item/handheld",
  "textures": {
    "layer0": "items/iron_sword"
  },
  "overrides": [
    {
      "predicate": {
        "custom_model_data": 145
      },
      "model": "item/custom/dvarf_elfweapon_swordi"
    },
    {
      "predicate": {
        "custom_model_data": 146
      },
      "model": "item/custom/dvarf_elfweapon_swordii"
    },
    {
      "predicate": {
        "custom_model_data": 148
      },
      "model": "item/custom/dvarf_peopleweapon_sword"
    },
    {
      "predicate": {
        "custom_model_data": 213
      },
      "model": "item/custom/elf_weapon_swordi"
    },
    {
      "predicate": {
        "custom_model_data": 214
      },
      "model": "item/custom/elf_weapon_swordii"
    },
    {
      "predicate": {
        "custom_model_data": 315
      },
      "model": "item/custom/people_weapon_sword"
    }
  ]
}