{
  "parent": "item/handheld",
  "textures": {
    "layer0": "items/iron_chestplate"
  },
  "overrides": [
    {
      "predicate": {
        "custom_model_data": 138
      },
      "model": "item/custom/dvarf_peoplearmortierii_chestplate"
    },
    {
      "predicate": {
        "custom_model_data": 142
      },
      "model": "item/custom/dvarf_peoplearmortieriii_chestplate"
    },
    {
      "predicate": {
        "custom_model_data": 306
      },
      "model": "item/custom/people_armortierii_chestplate"
    },
    {
      "predicate": {
        "custom_model_data": 310
      },
      "model": "item/custom/people_armortieriii_chestplate"
    },
    {
      "predicate": {
        "custom_model_data": 502
      },
      "model": "item/custom/alfa_armortieriii_chestplate"
    },
    {
      "predicate": {
        "custom_model_data": 507
      },
      "model": "item/custom/alfa_armor_chestplate"
    },
    {
      "predicate": {
        "custom_model_data": 508
      },
      "model": "item/custom/alfa_armor_chestplate2"
    }
  ]
}