{
  "parent": "item/handheld",
  "textures": {
    "layer0": "items/iron_shovel"
  },
  "overrides": [
    {
      "predicate": {
        "custom_model_data": 232
      },
      "model": "item/custom/elf_toolstieri_shovel"
    },
    {
      "predicate": {
        "custom_model_data": 236
      },
      "model": "item/custom/elf_toolstierii_shovel"
    },
    {
      "predicate": {
        "custom_model_data": 330
      },
      "model": "item/custom/people_toolstieri_shovel"
    },
    {
      "predicate": {
        "custom_model_data": 334
      },
      "model": "item/custom/people_toolstierii_shovel"
    }
  ]
}