{
  "parent": "item/handheld",
  "textures": {
    "layer0": "items/iron_boots"
  },
  "overrides": [
    {
      "predicate": {
        "custom_model_data": 140
      },
      "model": "item/custom/dvarf_peoplearmortierii_boots"
    },
    {
      "predicate": {
        "custom_model_data": 144
      },
      "model": "item/custom/dvarf_peoplearmortieriii_boots"
    },
    {
      "predicate": {
        "custom_model_data": 308
      },
      "model": "item/custom/people_armortierii_boots"
    },
    {
      "predicate": {
        "custom_model_data": 312
      },
      "model": "item/custom/people_armortieriii_boots"
    },
    {
      "predicate": {
        "custom_model_data": 504
      },
      "model": "item/custom/alfa_armortieriii_boots"
    }
  ]
}