{
  "parent": "item/handheld",
  "textures": {
    "layer0": "items/chainmail_leggings"
  },
  "overrides": [
    {
      "predicate": {
        "custom_model_data": 131
      },
      "model": "item/custom/dvarf_elfarmortierii_leggings"
    },
    {
      "predicate": {
        "custom_model_data": 135
      },
      "model": "item/custom/dvarf_elfarmortieriii_leggings"
    },
    {
      "predicate": {
        "custom_model_data": 207
      },
      "model": "item/custom/elf_armortierii_leggings"
    },
    {
      "predicate": {
        "custom_model_data": 211
      },
      "model": "item/custom/elf_armortieriii_leggings"
    }
  ]
}