{
  "parent": "item/handheld",
  "textures": {
    "layer0": "items/chainmail_helmet"
  },
  "overrides": [
    {
      "predicate": {
        "custom_model_data": 129
      },
      "model": "item/custom/dvarf_elfarmortierii_helmet"
    },
    {
      "predicate": {
        "custom_model_data": 133
      },
      "model": "item/custom/dvarf_elfarmortieriii_helmet"
    },
    {
      "predicate": {
        "custom_model_data": 205
      },
      "model": "item/custom/elf_armortierii_helmet"
    },
    {
      "predicate": {
        "custom_model_data": 209
      },
      "model": "item/custom/elf_armortieriii_helmet"
    }
  ]
}