{
  "parent": "item/handheld",
  "textures": {
    "layer0": "items/iron_leggings"
  },
  "overrides": [
    {
      "predicate": {
        "custom_model_data": 139
      },
      "model": "item/custom/dvarf_peoplearmortierii_leggings"
    },
    {
      "predicate": {
        "custom_model_data": 143
      },
      "model": "item/custom/dvarf_peoplearmortieriii_leggings"
    },
    {
      "predicate": {
        "custom_model_data": 307
      },
      "model": "item/custom/people_armortierii_leggings"
    },
    {
      "predicate": {
        "custom_model_data": 311
      },
      "model": "item/custom/people_armortieriii_leggings"
    },
    {
      "predicate": {
        "custom_model_data": 503
      },
      "model": "item/custom/alfa_armortieriii_leggings"
    }
  ]
}