{
  "parent": "item/handheld",
  "textures": {
    "layer0": "items/iron_axe"
  },
  "overrides": [
    {
      "predicate": {
        "custom_model_data": 112
      },
      "model": "item/custom/dvarf_weapon_axe"
    },
    {
      "predicate": {
        "custom_model_data": 231
      },
      "model": "item/custom/elf_toolstieri_axe"
    },
    {
      "predicate": {
        "custom_model_data": 235
      },
      "model": "item/custom/elf_toolstierii_axe"
    },
    {
      "predicate": {
        "custom_model_data": 329
      },
      "model": "item/custom/people_toolstieri_axe"
    },
    {
      "predicate": {
        "custom_model_data": 333
      },
      "model": "item/custom/people_toolstierii_axe"
    }
  ]
}