{
  "parent": "item/handheld",
  "textures": {
    "layer0": "items/iron_hoe"
  },
  "overrides": [
    {
      "predicate": {
        "custom_model_data": 233
      },
      "model": "item/custom/elf_toolstieri_hoe"
    },
    {
      "predicate": {
        "custom_model_data": 237
      },
      "model": "item/custom/elf_toolstierii_hoe"
    },
    {
      "predicate": {
        "custom_model_data": 331
      },
      "model": "item/custom/people_toolstieri_hoe"
    },
    {
      "predicate": {
        "custom_model_data": 335
      },
      "model": "item/custom/people_toolstierii_hoe"
    }
  ]
}