{"parent":"item/dot_indicator","display":{"gui":{"rotation":[90,0,0],"translation":[-80,64,0],"scale":[2.6667,2.6667,2.6667]}},"overrides":[{"predicate":{"custom_model_data":0},"model":"item/dot/0"},{"predicate":{"custom_model_data":1},"model":"item/dot/1"},{"predicate":{"custom_model_data":2},"model":"item/dot/2"},{"predicate":{"custom_model_data":3},"model":"item/dot/3"},{"predicate":{"custom_model_data":4},"model":"item/dot/4"},{"predicate":{"custom_model_data":5},"model":"item/dot/5"},{"predicate":{"custom_model_data":6},"model":"item/dot/6"},{"predicate":{"custom_model_data":7},"model":"item/dot/7"},{"predicate":{"custom_model_data":8},"model":"item/dot/8"},{"predicate":{"custom_model_data":9},"model":"item/dot/9"},{"predicate":{"custom_model_data":10},"model":"item/dot/10"},{"predicate":{"custom_model_data":11},"model":"item/dot/11"},{"predicate":{"custom_model_data":12},"model":"item/dot/12"},{"predicate":{"custom_model_data":13},"model":"item/dot/13"},{"predicate":{"custom_model_data":14},"model":"item/dot/14"},{"predicate":{"custom_model_data":15},"model":"item/dot/15"},{"predicate":{"custom_model_data":16},"model":"item/dot/16"},{"predicate":{"custom_model_data":17},"model":"item/dot/17"},{"predicate":{"custom_model_data":18},"model":"item/dot/18"},{"predicate":{"custom_model_data":19},"model":"item/dot/19"},{"predicate":{"custom_model_data":20},"model":"item/dot/20"},{"predicate":{"custom_model_data":21},"model":"item/dot/21"},{"predicate":{"custom_model_data":22},"model":"item/dot/22"},{"predicate":{"custom_model_data":23},"model":"item/dot/23"},{"predicate":{"custom_model_data":24},"model":"item/dot/24"},{"predicate":{"custom_model_data":25},"model":"item/dot/25"},{"predicate":{"custom_model_data":26},"model":"item/dot/26"},{"predicate":{"custom_model_data":27},"model":"item/dot/27"},{"predicate":{"custom_model_data":28},"model":"item/dot/28"},{"predicate":{"custom_model_data":29},"model":"item/dot/29"},{"predicate":{"custom_model_data":30},"model":"item/dot/30"},{"predicate":{"custom_model_data":31},"model":"item/dot/31"},{"predicate":{"custom_model_data":32},"model":"item/dot/32"},{"predicate":{"custom_model_data":33},"model":"item/dot/33"},{"predicate":{"custom_model_data":34},"model":"item/dot/34"},{"predicate":{"custom_model_data":35},"model":"item/dot/35"},{"predicate":{"custom_model_data":36},"model":"item/dot/36"},{"predicate":{"custom_model_data":37},"model":"item/dot/37"},{"predicate":{"custom_model_data":38},"model":"item/dot/38"},{"predicate":{"custom_model_data":39},"model":"item/dot/39"},{"predicate":{"custom_model_data":40},"model":"item/dot/40"},{"predicate":{"custom_model_data":41},"model":"item/dot/41"},{"predicate":{"custom_model_data":42},"model":"item/dot/42"},{"predicate":{"custom_model_data":43},"model":"item/dot/43"},{"predicate":{"custom_model_data":44},"model":"item/dot/44"},{"predicate":{"custom_model_data":45},"model":"item/dot/45"},{"predicate":{"custom_model_data":46},"model":"item/dot/46"},{"predicate":{"custom_model_data":47},"model":"item/dot/47"},{"predicate":{"custom_model_data":48},"model":"item/dot/48"},{"predicate":{"custom_model_data":49},"model":"item/dot/49"},{"predicate":{"custom_model_data":50},"model":"item/dot/50"},{"predicate":{"custom_model_data":51},"model":"item/dot/51"},{"predicate":{"custom_model_data":52},"model":"item/dot/52"},{"predicate":{"custom_model_data":53},"model":"item/dot/53"},{"predicate":{"custom_model_data":54},"model":"item/dot/54"},{"predicate":{"custom_model_data":55},"model":"item/dot/55"},{"predicate":{"custom_model_data":56},"model":"item/dot/56"},{"predicate":{"custom_model_data":57},"model":"item/dot/57"},{"predicate":{"custom_model_data":58},"model":"item/dot/58"},{"predicate":{"custom_model_data":59},"model":"item/dot/59"},{"predicate":{"custom_model_data":60},"model":"item/dot/60"},{"predicate":{"custom_model_data":61},"model":"item/dot/61"},{"predicate":{"custom_model_data":62},"model":"item/dot/62"},{"predicate":{"custom_model_data":63},"model":"item/dot/63"},{"predicate":{"custom_model_data":64},"model":"item/dot/64"},{"predicate":{"custom_model_data":65},"model":"item/dot/65"},{"predicate":{"custom_model_data":66},"model":"item/dot/66"},{"predicate":{"custom_model_data":67},"model":"item/dot/67"},{"predicate":{"custom_model_data":68},"model":"item/dot/68"},{"predicate":{"custom_model_data":69},"model":"item/dot/69"},{"predicate":{"custom_model_data":70},"model":"item/dot/70"},{"predicate":{"custom_model_data":71},"model":"item/dot/71"},{"predicate":{"custom_model_data":72},"model":"item/dot/72"},{"predicate":{"custom_model_data":73},"model":"item/dot/73"},{"predicate":{"custom_model_data":74},"model":"item/dot/74"},{"predicate":{"custom_model_data":75},"model":"item/dot/75"},{"predicate":{"custom_model_data":76},"model":"item/dot/76"},{"predicate":{"custom_model_data":77},"model":"item/dot/77"},{"predicate":{"custom_model_data":78},"model":"item/dot/78"},{"predicate":{"custom_model_data":79},"model":"item/dot/79"},{"predicate":{"custom_model_data":80},"model":"item/dot/80"},{"predicate":{"custom_model_data":81},"model":"item/dot/81"},{"predicate":{"custom_model_data":82},"model":"item/dot/82"},{"predicate":{"custom_model_data":83},"model":"item/dot/83"},{"predicate":{"custom_model_data":84},"model":"item/dot/84"},{"predicate":{"custom_model_data":85},"model":"item/dot/85"},{"predicate":{"custom_model_data":86},"model":"item/dot/86"},{"predicate":{"custom_model_data":87},"model":"item/dot/87"},{"predicate":{"custom_model_data":88},"model":"item/dot/88"},{"predicate":{"custom_model_data":89},"model":"item/dot/89"},{"predicate":{"custom_model_data":90},"model":"item/dot/90"},{"predicate":{"custom_model_data":91},"model":"item/dot/91"},{"predicate":{"custom_model_data":92},"model":"item/dot/92"},{"predicate":{"custom_model_data":93},"model":"item/dot/93"},{"predicate":{"custom_model_data":94},"model":"item/dot/94"},{"predicate":{"custom_model_data":95},"model":"item/dot/95"},{"predicate":{"custom_model_data":96},"model":"item/dot/96"},{"predicate":{"custom_model_data":97},"model":"item/dot/97"},{"predicate":{"custom_model_data":98},"model":"item/dot/98"},{"predicate":{"custom_model_data":99},"model":"item/dot/99"},{"predicate":{"custom_model_data":100},"model":"item/dot/100"},{"predicate":{"custom_model_data":101},"model":"item/dot/101"},{"predicate":{"custom_model_data":102},"model":"item/dot/102"},{"predicate":{"custom_model_data":103},"model":"item/dot/103"},{"predicate":{"custom_model_data":104},"model":"item/dot/104"},{"predicate":{"custom_model_data":105},"model":"item/dot/105"},{"predicate":{"custom_model_data":106},"model":"item/dot/106"},{"predicate":{"custom_model_data":107},"model":"item/dot/107"},{"predicate":{"custom_model_data":108},"model":"item/dot/108"},{"predicate":{"custom_model_data":109},"model":"item/dot/109"},{"predicate":{"custom_model_data":110},"model":"item/dot/110"},{"predicate":{"custom_model_data":111},"model":"item/dot/111"},{"predicate":{"custom_model_data":112},"model":"item/dot/112"},{"predicate":{"custom_model_data":113},"model":"item/dot/113"},{"predicate":{"custom_model_data":114},"model":"item/dot/114"},{"predicate":{"custom_model_data":115},"model":"item/dot/115"},{"predicate":{"custom_model_data":116},"model":"item/dot/116"},{"predicate":{"custom_model_data":117},"model":"item/dot/117"},{"predicate":{"custom_model_data":118},"model":"item/dot/118"},{"predicate":{"custom_model_data":119},"model":"item/dot/119"},{"predicate":{"custom_model_data":120},"model":"item/dot/120"},{"predicate":{"custom_model_data":121},"model":"item/dot/121"},{"predicate":{"custom_model_data":122},"model":"item/dot/122"},{"predicate":{"custom_model_data":123},"model":"item/dot/123"},{"predicate":{"custom_model_data":124},"model":"item/dot/124"},{"predicate":{"custom_model_data":125},"model":"item/dot/125"},{"predicate":{"custom_model_data":126},"model":"item/dot/126"},{"predicate":{"custom_model_data":127},"model":"item/dot/127"},{"predicate":{"custom_model_data":128},"model":"item/dot/128"},{"predicate":{"custom_model_data":129},"model":"item/dot/129"},{"predicate":{"custom_model_data":130},"model":"item/dot/130"},{"predicate":{"custom_model_data":131},"model":"item/dot/131"},{"predicate":{"custom_model_data":132},"model":"item/dot/132"},{"predicate":{"custom_model_data":133},"model":"item/dot/133"},{"predicate":{"custom_model_data":134},"model":"item/dot/134"},{"predicate":{"custom_model_data":135},"model":"item/dot/135"},{"predicate":{"custom_model_data":136},"model":"item/dot/136"},{"predicate":{"custom_model_data":137},"model":"item/dot/137"},{"predicate":{"custom_model_data":138},"model":"item/dot/138"},{"predicate":{"custom_model_data":139},"model":"item/dot/139"},{"predicate":{"custom_model_data":140},"model":"item/dot/140"},{"predicate":{"custom_model_data":141},"model":"item/dot/141"},{"predicate":{"custom_model_data":142},"model":"item/dot/142"},{"predicate":{"custom_model_data":143},"model":"item/dot/143"},{"predicate":{"custom_model_data":144},"model":"item/dot/144"},{"predicate":{"custom_model_data":145},"model":"item/dot/145"},{"predicate":{"custom_model_data":146},"model":"item/dot/146"},{"predicate":{"custom_model_data":147},"model":"item/dot/147"},{"predicate":{"custom_model_data":148},"model":"item/dot/148"},{"predicate":{"custom_model_data":149},"model":"item/dot/149"},{"predicate":{"custom_model_data":150},"model":"item/dot/150"},{"predicate":{"custom_model_data":151},"model":"item/dot/151"},{"predicate":{"custom_model_data":152},"model":"item/dot/152"},{"predicate":{"custom_model_data":153},"model":"item/dot/153"},{"predicate":{"custom_model_data":154},"model":"item/dot/154"},{"predicate":{"custom_model_data":155},"model":"item/dot/155"},{"predicate":{"custom_model_data":156},"model":"item/dot/156"},{"predicate":{"custom_model_data":157},"model":"item/dot/157"},{"predicate":{"custom_model_data":158},"model":"item/dot/158"},{"predicate":{"custom_model_data":159},"model":"item/dot/159"},{"predicate":{"custom_model_data":160},"model":"item/dot/160"},{"predicate":{"custom_model_data":161},"model":"item/dot/161"},{"predicate":{"custom_model_data":162},"model":"item/dot/162"},{"predicate":{"custom_model_data":163},"model":"item/dot/163"},{"predicate":{"custom_model_data":164},"model":"item/dot/164"},{"predicate":{"custom_model_data":165},"model":"item/dot/165"},{"predicate":{"custom_model_data":166},"model":"item/dot/166"},{"predicate":{"custom_model_data":167},"model":"item/dot/167"},{"predicate":{"custom_model_data":168},"model":"item/dot/168"},{"predicate":{"custom_model_data":169},"model":"item/dot/169"},{"predicate":{"custom_model_data":170},"model":"item/dot/170"},{"predicate":{"custom_model_data":171},"model":"item/dot/171"},{"predicate":{"custom_model_data":172},"model":"item/dot/172"},{"predicate":{"custom_model_data":173},"model":"item/dot/173"},{"predicate":{"custom_model_data":174},"model":"item/dot/174"},{"predicate":{"custom_model_data":175},"model":"item/dot/175"},{"predicate":{"custom_model_data":176},"model":"item/dot/176"},{"predicate":{"custom_model_data":177},"model":"item/dot/177"},{"predicate":{"custom_model_data":178},"model":"item/dot/178"},{"predicate":{"custom_model_data":179},"model":"item/dot/179"},{"predicate":{"custom_model_data":180},"model":"item/dot/180"},{"predicate":{"custom_model_data":181},"model":"item/dot/181"},{"predicate":{"custom_model_data":182},"model":"item/dot/182"},{"predicate":{"custom_model_data":183},"model":"item/dot/183"},{"predicate":{"custom_model_data":184},"model":"item/dot/184"},{"predicate":{"custom_model_data":185},"model":"item/dot/185"},{"predicate":{"custom_model_data":186},"model":"item/dot/186"},{"predicate":{"custom_model_data":187},"model":"item/dot/187"},{"predicate":{"custom_model_data":188},"model":"item/dot/188"},{"predicate":{"custom_model_data":189},"model":"item/dot/189"},{"predicate":{"custom_model_data":190},"model":"item/dot/190"},{"predicate":{"custom_model_data":191},"model":"item/dot/191"},{"predicate":{"custom_model_data":192},"model":"item/dot/192"},{"predicate":{"custom_model_data":193},"model":"item/dot/193"},{"predicate":{"custom_model_data":194},"model":"item/dot/194"},{"predicate":{"custom_model_data":195},"model":"item/dot/195"},{"predicate":{"custom_model_data":196},"model":"item/dot/196"},{"predicate":{"custom_model_data":197},"model":"item/dot/197"},{"predicate":{"custom_model_data":198},"model":"item/dot/198"},{"predicate":{"custom_model_data":199},"model":"item/dot/199"},{"predicate":{"custom_model_data":200},"model":"item/dot/200"},{"predicate":{"custom_model_data":201},"model":"item/dot/201"},{"predicate":{"custom_model_data":202},"model":"item/dot/202"},{"predicate":{"custom_model_data":203},"model":"item/dot/203"},{"predicate":{"custom_model_data":204},"model":"item/dot/204"},{"predicate":{"custom_model_data":205},"model":"item/dot/205"},{"predicate":{"custom_model_data":206},"model":"item/dot/206"},{"predicate":{"custom_model_data":207},"model":"item/dot/207"},{"predicate":{"custom_model_data":208},"model":"item/dot/208"},{"predicate":{"custom_model_data":209},"model":"item/dot/209"},{"predicate":{"custom_model_data":210},"model":"item/dot/210"},{"predicate":{"custom_model_data":211},"model":"item/dot/211"},{"predicate":{"custom_model_data":212},"model":"item/dot/212"},{"predicate":{"custom_model_data":213},"model":"item/dot/213"},{"predicate":{"custom_model_data":214},"model":"item/dot/214"},{"predicate":{"custom_model_data":215},"model":"item/dot/215"},{"predicate":{"custom_model_data":216},"model":"item/dot/216"},{"predicate":{"custom_model_data":217},"model":"item/dot/217"},{"predicate":{"custom_model_data":218},"model":"item/dot/218"},{"predicate":{"custom_model_data":219},"model":"item/dot/219"},{"predicate":{"custom_model_data":220},"model":"item/dot/220"},{"predicate":{"custom_model_data":221},"model":"item/dot/221"},{"predicate":{"custom_model_data":222},"model":"item/dot/222"},{"predicate":{"custom_model_data":223},"model":"item/dot/223"},{"predicate":{"custom_model_data":224},"model":"item/dot/224"},{"predicate":{"custom_model_data":225},"model":"item/dot/225"},{"predicate":{"custom_model_data":226},"model":"item/dot/226"},{"predicate":{"custom_model_data":227},"model":"item/dot/227"},{"predicate":{"custom_model_data":228},"model":"item/dot/228"},{"predicate":{"custom_model_data":229},"model":"item/dot/229"},{"predicate":{"custom_model_data":230},"model":"item/dot/230"},{"predicate":{"custom_model_data":231},"model":"item/dot/231"},{"predicate":{"custom_model_data":232},"model":"item/dot/232"},{"predicate":{"custom_model_data":233},"model":"item/dot/233"},{"predicate":{"custom_model_data":234},"model":"item/dot/234"},{"predicate":{"custom_model_data":235},"model":"item/dot/235"},{"predicate":{"custom_model_data":236},"model":"item/dot/236"},{"predicate":{"custom_model_data":237},"model":"item/dot/237"},{"predicate":{"custom_model_data":238},"model":"item/dot/238"},{"predicate":{"custom_model_data":239},"model":"item/dot/239"},{"predicate":{"custom_model_data":240},"model":"item/dot/240"},{"predicate":{"custom_model_data":241},"model":"item/dot/241"},{"predicate":{"custom_model_data":242},"model":"item/dot/242"},{"predicate":{"custom_model_data":243},"model":"item/dot/243"},{"predicate":{"custom_model_data":244},"model":"item/dot/244"},{"predicate":{"custom_model_data":245},"model":"item/dot/245"},{"predicate":{"custom_model_data":246},"model":"item/dot/246"},{"predicate":{"custom_model_data":247},"model":"item/dot/247"},{"predicate":{"custom_model_data":248},"model":"item/dot/248"},{"predicate":{"custom_model_data":249},"model":"item/dot/249"},{"predicate":{"custom_model_data":250},"model":"item/dot/250"},{"predicate":{"custom_model_data":251},"model":"item/dot/251"},{"predicate":{"custom_model_data":252},"model":"item/dot/252"},{"predicate":{"custom_model_data":253},"model":"item/dot/253"},{"predicate":{"custom_model_data":254},"model":"item/dot/254"},{"predicate":{"custom_model_data":255},"model":"item/dot/255"},{"predicate":{"custom_model_data":256},"model":"item/dot/256"},{"predicate":{"custom_model_data":257},"model":"item/dot/257"},{"predicate":{"custom_model_data":258},"model":"item/dot/258"},{"predicate":{"custom_model_data":259},"model":"item/dot/259"},{"predicate":{"custom_model_data":260},"model":"item/dot/260"},{"predicate":{"custom_model_data":261},"model":"item/dot/261"},{"predicate":{"custom_model_data":262},"model":"item/dot/262"},{"predicate":{"custom_model_data":263},"model":"item/dot/263"},{"predicate":{"custom_model_data":264},"model":"item/dot/264"},{"predicate":{"custom_model_data":265},"model":"item/dot/265"},{"predicate":{"custom_model_data":266},"model":"item/dot/266"},{"predicate":{"custom_model_data":267},"model":"item/dot/267"},{"predicate":{"custom_model_data":268},"model":"item/dot/268"},{"predicate":{"custom_model_data":269},"model":"item/dot/269"},{"predicate":{"custom_model_data":270},"model":"item/dot/270"},{"predicate":{"custom_model_data":271},"model":"item/dot/271"},{"predicate":{"custom_model_data":272},"model":"item/dot/272"},{"predicate":{"custom_model_data":273},"model":"item/dot/273"},{"predicate":{"custom_model_data":274},"model":"item/dot/274"},{"predicate":{"custom_model_data":275},"model":"item/dot/275"},{"predicate":{"custom_model_data":276},"model":"item/dot/276"},{"predicate":{"custom_model_data":277},"model":"item/dot/277"},{"predicate":{"custom_model_data":278},"model":"item/dot/278"},{"predicate":{"custom_model_data":279},"model":"item/dot/279"},{"predicate":{"custom_model_data":280},"model":"item/dot/280"},{"predicate":{"custom_model_data":281},"model":"item/dot/281"},{"predicate":{"custom_model_data":282},"model":"item/dot/282"},{"predicate":{"custom_model_data":283},"model":"item/dot/283"},{"predicate":{"custom_model_data":284},"model":"item/dot/284"},{"predicate":{"custom_model_data":285},"model":"item/dot/285"},{"predicate":{"custom_model_data":286},"model":"item/dot/286"},{"predicate":{"custom_model_data":287},"model":"item/dot/287"},{"predicate":{"custom_model_data":288},"model":"item/dot/288"},{"predicate":{"custom_model_data":289},"model":"item/dot/289"},{"predicate":{"custom_model_data":290},"model":"item/dot/290"},{"predicate":{"custom_model_data":291},"model":"item/dot/291"},{"predicate":{"custom_model_data":292},"model":"item/dot/292"},{"predicate":{"custom_model_data":293},"model":"item/dot/293"},{"predicate":{"custom_model_data":294},"model":"item/dot/294"},{"predicate":{"custom_model_data":295},"model":"item/dot/295"},{"predicate":{"custom_model_data":296},"model":"item/dot/296"},{"predicate":{"custom_model_data":297},"model":"item/dot/297"},{"predicate":{"custom_model_data":298},"model":"item/dot/298"},{"predicate":{"custom_model_data":299},"model":"item/dot/299"},{"predicate":{"custom_model_data":300},"model":"item/dot/300"},{"predicate":{"custom_model_data":301},"model":"item/dot/301"},{"predicate":{"custom_model_data":302},"model":"item/dot/302"},{"predicate":{"custom_model_data":303},"model":"item/dot/303"},{"predicate":{"custom_model_data":304},"model":"item/dot/304"},{"predicate":{"custom_model_data":305},"model":"item/dot/305"},{"predicate":{"custom_model_data":306},"model":"item/dot/306"},{"predicate":{"custom_model_data":307},"model":"item/dot/307"},{"predicate":{"custom_model_data":308},"model":"item/dot/308"},{"predicate":{"custom_model_data":309},"model":"item/dot/309"},{"predicate":{"custom_model_data":310},"model":"item/dot/310"},{"predicate":{"custom_model_data":311},"model":"item/dot/311"},{"predicate":{"custom_model_data":312},"model":"item/dot/312"},{"predicate":{"custom_model_data":313},"model":"item/dot/313"},{"predicate":{"custom_model_data":314},"model":"item/dot/314"},{"predicate":{"custom_model_data":315},"model":"item/dot/315"},{"predicate":{"custom_model_data":316},"model":"item/dot/316"},{"predicate":{"custom_model_data":317},"model":"item/dot/317"},{"predicate":{"custom_model_data":318},"model":"item/dot/318"},{"predicate":{"custom_model_data":319},"model":"item/dot/319"},{"predicate":{"custom_model_data":320},"model":"item/dot/320"},{"predicate":{"custom_model_data":321},"model":"item/dot/321"},{"predicate":{"custom_model_data":322},"model":"item/dot/322"},{"predicate":{"custom_model_data":323},"model":"item/dot/323"},{"predicate":{"custom_model_data":324},"model":"item/dot/324"},{"predicate":{"custom_model_data":325},"model":"item/dot/325"},{"predicate":{"custom_model_data":326},"model":"item/dot/326"},{"predicate":{"custom_model_data":327},"model":"item/dot/327"},{"predicate":{"custom_model_data":328},"model":"item/dot/328"},{"predicate":{"custom_model_data":329},"model":"item/dot/329"},{"predicate":{"custom_model_data":330},"model":"item/dot/330"},{"predicate":{"custom_model_data":331},"model":"item/dot/331"},{"predicate":{"custom_model_data":332},"model":"item/dot/332"},{"predicate":{"custom_model_data":333},"model":"item/dot/333"},{"predicate":{"custom_model_data":334},"model":"item/dot/334"},{"predicate":{"custom_model_data":335},"model":"item/dot/335"},{"predicate":{"custom_model_data":336},"model":"item/dot/336"},{"predicate":{"custom_model_data":337},"model":"item/dot/337"},{"predicate":{"custom_model_data":338},"model":"item/dot/338"},{"predicate":{"custom_model_data":339},"model":"item/dot/339"},{"predicate":{"custom_model_data":340},"model":"item/dot/340"},{"predicate":{"custom_model_data":341},"model":"item/dot/341"},{"predicate":{"custom_model_data":342},"model":"item/dot/342"},{"predicate":{"custom_model_data":343},"model":"item/dot/343"},{"predicate":{"custom_model_data":344},"model":"item/dot/344"},{"predicate":{"custom_model_data":345},"model":"item/dot/345"},{"predicate":{"custom_model_data":346},"model":"item/dot/346"},{"predicate":{"custom_model_data":347},"model":"item/dot/347"},{"predicate":{"custom_model_data":348},"model":"item/dot/348"},{"predicate":{"custom_model_data":349},"model":"item/dot/349"},{"predicate":{"custom_model_data":350},"model":"item/dot/350"},{"predicate":{"custom_model_data":351},"model":"item/dot/351"},{"predicate":{"custom_model_data":352},"model":"item/dot/352"},{"predicate":{"custom_model_data":353},"model":"item/dot/353"},{"predicate":{"custom_model_data":354},"model":"item/dot/354"},{"predicate":{"custom_model_data":355},"model":"item/dot/355"},{"predicate":{"custom_model_data":356},"model":"item/dot/356"},{"predicate":{"custom_model_data":357},"model":"item/dot/357"},{"predicate":{"custom_model_data":358},"model":"item/dot/358"},{"predicate":{"custom_model_data":359},"model":"item/dot/359"},{"predicate":{"custom_model_data":360},"model":"item/dot/360"},{"predicate":{"custom_model_data":361},"model":"item/dot/361"},{"predicate":{"custom_model_data":362},"model":"item/dot/362"},{"predicate":{"custom_model_data":363},"model":"item/dot/363"},{"predicate":{"custom_model_data":364},"model":"item/dot/364"},{"predicate":{"custom_model_data":365},"model":"item/dot/365"},{"predicate":{"custom_model_data":366},"model":"item/dot/366"},{"predicate":{"custom_model_data":367},"model":"item/dot/367"},{"predicate":{"custom_model_data":368},"model":"item/dot/368"},{"predicate":{"custom_model_data":369},"model":"item/dot/369"},{"predicate":{"custom_model_data":370},"model":"item/dot/370"},{"predicate":{"custom_model_data":371},"model":"item/dot/371"},{"predicate":{"custom_model_data":372},"model":"item/dot/372"},{"predicate":{"custom_model_data":373},"model":"item/dot/373"},{"predicate":{"custom_model_data":374},"model":"item/dot/374"},{"predicate":{"custom_model_data":375},"model":"item/dot/375"},{"predicate":{"custom_model_data":376},"model":"item/dot/376"},{"predicate":{"custom_model_data":377},"model":"item/dot/377"},{"predicate":{"custom_model_data":378},"model":"item/dot/378"},{"predicate":{"custom_model_data":379},"model":"item/dot/379"},{"predicate":{"custom_model_data":380},"model":"item/dot/380"},{"predicate":{"custom_model_data":381},"model":"item/dot/381"},{"predicate":{"custom_model_data":382},"model":"item/dot/382"},{"predicate":{"custom_model_data":383},"model":"item/dot/383"},{"predicate":{"custom_model_data":384},"model":"item/dot/384"},{"predicate":{"custom_model_data":385},"model":"item/dot/385"},{"predicate":{"custom_model_data":386},"model":"item/dot/386"},{"predicate":{"custom_model_data":387},"model":"item/dot/387"},{"predicate":{"custom_model_data":388},"model":"item/dot/388"},{"predicate":{"custom_model_data":389},"model":"item/dot/389"},{"predicate":{"custom_model_data":390},"model":"item/dot/390"},{"predicate":{"custom_model_data":391},"model":"item/dot/391"},{"predicate":{"custom_model_data":392},"model":"item/dot/392"},{"predicate":{"custom_model_data":393},"model":"item/dot/393"},{"predicate":{"custom_model_data":394},"model":"item/dot/394"},{"predicate":{"custom_model_data":395},"model":"item/dot/395"},{"predicate":{"custom_model_data":396},"model":"item/dot/396"},{"predicate":{"custom_model_data":397},"model":"item/dot/397"},{"predicate":{"custom_model_data":398},"model":"item/dot/398"},{"predicate":{"custom_model_data":399},"model":"item/dot/399"},{"predicate":{"custom_model_data":400},"model":"item/dot/400"},{"predicate":{"custom_model_data":401},"model":"item/dot/401"},{"predicate":{"custom_model_data":402},"model":"item/dot/402"},{"predicate":{"custom_model_data":403},"model":"item/dot/403"},{"predicate":{"custom_model_data":404},"model":"item/dot/404"},{"predicate":{"custom_model_data":405},"model":"item/dot/405"},{"predicate":{"custom_model_data":406},"model":"item/dot/406"},{"predicate":{"custom_model_data":407},"model":"item/dot/407"},{"predicate":{"custom_model_data":408},"model":"item/dot/408"},{"predicate":{"custom_model_data":409},"model":"item/dot/409"},{"predicate":{"custom_model_data":410},"model":"item/dot/410"},{"predicate":{"custom_model_data":411},"model":"item/dot/411"},{"predicate":{"custom_model_data":412},"model":"item/dot/412"},{"predicate":{"custom_model_data":413},"model":"item/dot/413"},{"predicate":{"custom_model_data":414},"model":"item/dot/414"},{"predicate":{"custom_model_data":415},"model":"item/dot/415"},{"predicate":{"custom_model_data":416},"model":"item/dot/416"},{"predicate":{"custom_model_data":417},"model":"item/dot/417"},{"predicate":{"custom_model_data":418},"model":"item/dot/418"},{"predicate":{"custom_model_data":419},"model":"item/dot/419"},{"predicate":{"custom_model_data":420},"model":"item/dot/420"},{"predicate":{"custom_model_data":421},"model":"item/dot/421"},{"predicate":{"custom_model_data":422},"model":"item/dot/422"},{"predicate":{"custom_model_data":423},"model":"item/dot/423"},{"predicate":{"custom_model_data":424},"model":"item/dot/424"},{"predicate":{"custom_model_data":425},"model":"item/dot/425"},{"predicate":{"custom_model_data":426},"model":"item/dot/426"},{"predicate":{"custom_model_data":427},"model":"item/dot/427"},{"predicate":{"custom_model_data":428},"model":"item/dot/428"},{"predicate":{"custom_model_data":429},"model":"item/dot/429"},{"predicate":{"custom_model_data":430},"model":"item/dot/430"},{"predicate":{"custom_model_data":431},"model":"item/dot/431"},{"predicate":{"custom_model_data":432},"model":"item/dot/432"},{"predicate":{"custom_model_data":433},"model":"item/dot/433"},{"predicate":{"custom_model_data":434},"model":"item/dot/434"},{"predicate":{"custom_model_data":435},"model":"item/dot/435"},{"predicate":{"custom_model_data":436},"model":"item/dot/436"},{"predicate":{"custom_model_data":437},"model":"item/dot/437"},{"predicate":{"custom_model_data":438},"model":"item/dot/438"},{"predicate":{"custom_model_data":439},"model":"item/dot/439"},{"predicate":{"custom_model_data":440},"model":"item/dot/440"},{"predicate":{"custom_model_data":441},"model":"item/dot/441"},{"predicate":{"custom_model_data":442},"model":"item/dot/442"},{"predicate":{"custom_model_data":443},"model":"item/dot/443"},{"predicate":{"custom_model_data":444},"model":"item/dot/444"},{"predicate":{"custom_model_data":445},"model":"item/dot/445"},{"predicate":{"custom_model_data":446},"model":"item/dot/446"},{"predicate":{"custom_model_data":447},"model":"item/dot/447"},{"predicate":{"custom_model_data":448},"model":"item/dot/448"},{"predicate":{"custom_model_data":449},"model":"item/dot/449"},{"predicate":{"custom_model_data":450},"model":"item/dot/450"},{"predicate":{"custom_model_data":451},"model":"item/dot/451"},{"predicate":{"custom_model_data":452},"model":"item/dot/452"},{"predicate":{"custom_model_data":453},"model":"item/dot/453"},{"predicate":{"custom_model_data":454},"model":"item/dot/454"},{"predicate":{"custom_model_data":455},"model":"item/dot/455"},{"predicate":{"custom_model_data":456},"model":"item/dot/456"},{"predicate":{"custom_model_data":457},"model":"item/dot/457"},{"predicate":{"custom_model_data":458},"model":"item/dot/458"},{"predicate":{"custom_model_data":459},"model":"item/dot/459"},{"predicate":{"custom_model_data":460},"model":"item/dot/460"},{"predicate":{"custom_model_data":461},"model":"item/dot/461"},{"predicate":{"custom_model_data":462},"model":"item/dot/462"},{"predicate":{"custom_model_data":463},"model":"item/dot/463"},{"predicate":{"custom_model_data":464},"model":"item/dot/464"},{"predicate":{"custom_model_data":465},"model":"item/dot/465"},{"predicate":{"custom_model_data":466},"model":"item/dot/466"},{"predicate":{"custom_model_data":467},"model":"item/dot/467"},{"predicate":{"custom_model_data":468},"model":"item/dot/468"},{"predicate":{"custom_model_data":469},"model":"item/dot/469"},{"predicate":{"custom_model_data":470},"model":"item/dot/470"},{"predicate":{"custom_model_data":471},"model":"item/dot/471"},{"predicate":{"custom_model_data":472},"model":"item/dot/472"},{"predicate":{"custom_model_data":473},"model":"item/dot/473"},{"predicate":{"custom_model_data":474},"model":"item/dot/474"},{"predicate":{"custom_model_data":475},"model":"item/dot/475"},{"predicate":{"custom_model_data":476},"model":"item/dot/476"},{"predicate":{"custom_model_data":477},"model":"item/dot/477"},{"predicate":{"custom_model_data":478},"model":"item/dot/478"},{"predicate":{"custom_model_data":479},"model":"item/dot/479"},{"predicate":{"custom_model_data":480},"model":"item/dot/480"},{"predicate":{"custom_model_data":481},"model":"item/dot/481"},{"predicate":{"custom_model_data":482},"model":"item/dot/482"},{"predicate":{"custom_model_data":483},"model":"item/dot/483"},{"predicate":{"custom_model_data":484},"model":"item/dot/484"},{"predicate":{"custom_model_data":485},"model":"item/dot/485"},{"predicate":{"custom_model_data":486},"model":"item/dot/486"},{"predicate":{"custom_model_data":487},"model":"item/dot/487"},{"predicate":{"custom_model_data":488},"model":"item/dot/488"},{"predicate":{"custom_model_data":489},"model":"item/dot/489"},{"predicate":{"custom_model_data":490},"model":"item/dot/490"},{"predicate":{"custom_model_data":491},"model":"item/dot/491"},{"predicate":{"custom_model_data":492},"model":"item/dot/492"},{"predicate":{"custom_model_data":493},"model":"item/dot/493"},{"predicate":{"custom_model_data":494},"model":"item/dot/494"},{"predicate":{"custom_model_data":495},"model":"item/dot/495"},{"predicate":{"custom_model_data":496},"model":"item/dot/496"},{"predicate":{"custom_model_data":497},"model":"item/dot/497"},{"predicate":{"custom_model_data":498},"model":"item/dot/498"},{"predicate":{"custom_model_data":499},"model":"item/dot/499"},{"predicate":{"custom_model_data":500},"model":"item/dot/500"},{"predicate":{"custom_model_data":501},"model":"item/dot/501"},{"predicate":{"custom_model_data":502},"model":"item/dot/502"},{"predicate":{"custom_model_data":503},"model":"item/dot/503"},{"predicate":{"custom_model_data":504},"model":"item/dot/504"},{"predicate":{"custom_model_data":505},"model":"item/dot/505"},{"predicate":{"custom_model_data":506},"model":"item/dot/506"},{"predicate":{"custom_model_data":507},"model":"item/dot/507"},{"predicate":{"custom_model_data":508},"model":"item/dot/508"},{"predicate":{"custom_model_data":509},"model":"item/dot/509"},{"predicate":{"custom_model_data":510},"model":"item/dot/510"},{"predicate":{"custom_model_data":511},"model":"item/dot/511"},{"predicate":{"custom_model_data":512},"model":"item/dot/512"},{"predicate":{"custom_model_data":513},"model":"item/dot/513"},{"predicate":{"custom_model_data":514},"model":"item/dot/514"},{"predicate":{"custom_model_data":515},"model":"item/dot/515"},{"predicate":{"custom_model_data":516},"model":"item/dot/516"},{"predicate":{"custom_model_data":517},"model":"item/dot/517"},{"predicate":{"custom_model_data":518},"model":"item/dot/518"},{"predicate":{"custom_model_data":519},"model":"item/dot/519"},{"predicate":{"custom_model_data":520},"model":"item/dot/520"},{"predicate":{"custom_model_data":521},"model":"item/dot/521"},{"predicate":{"custom_model_data":522},"model":"item/dot/522"},{"predicate":{"custom_model_data":523},"model":"item/dot/523"},{"predicate":{"custom_model_data":524},"model":"item/dot/524"},{"predicate":{"custom_model_data":525},"model":"item/dot/525"},{"predicate":{"custom_model_data":526},"model":"item/dot/526"},{"predicate":{"custom_model_data":527},"model":"item/dot/527"},{"predicate":{"custom_model_data":528},"model":"item/dot/528"},{"predicate":{"custom_model_data":529},"model":"item/dot/529"},{"predicate":{"custom_model_data":530},"model":"item/dot/530"},{"predicate":{"custom_model_data":531},"model":"item/dot/531"},{"predicate":{"custom_model_data":532},"model":"item/dot/532"},{"predicate":{"custom_model_data":533},"model":"item/dot/533"},{"predicate":{"custom_model_data":534},"model":"item/dot/534"},{"predicate":{"custom_model_data":535},"model":"item/dot/535"},{"predicate":{"custom_model_data":536},"model":"item/dot/536"},{"predicate":{"custom_model_data":537},"model":"item/dot/537"},{"predicate":{"custom_model_data":538},"model":"item/dot/538"},{"predicate":{"custom_model_data":539},"model":"item/dot/539"},{"predicate":{"custom_model_data":540},"model":"item/dot/540"},{"predicate":{"custom_model_data":541},"model":"item/dot/541"},{"predicate":{"custom_model_data":542},"model":"item/dot/542"},{"predicate":{"custom_model_data":543},"model":"item/dot/543"},{"predicate":{"custom_model_data":544},"model":"item/dot/544"},{"predicate":{"custom_model_data":545},"model":"item/dot/545"},{"predicate":{"custom_model_data":546},"model":"item/dot/546"},{"predicate":{"custom_model_data":547},"model":"item/dot/547"},{"predicate":{"custom_model_data":548},"model":"item/dot/548"},{"predicate":{"custom_model_data":549},"model":"item/dot/549"},{"predicate":{"custom_model_data":550},"model":"item/dot/550"},{"predicate":{"custom_model_data":551},"model":"item/dot/551"},{"predicate":{"custom_model_data":552},"model":"item/dot/552"},{"predicate":{"custom_model_data":553},"model":"item/dot/553"},{"predicate":{"custom_model_data":554},"model":"item/dot/554"},{"predicate":{"custom_model_data":555},"model":"item/dot/555"},{"predicate":{"custom_model_data":556},"model":"item/dot/556"},{"predicate":{"custom_model_data":557},"model":"item/dot/557"},{"predicate":{"custom_model_data":558},"model":"item/dot/558"},{"predicate":{"custom_model_data":559},"model":"item/dot/559"},{"predicate":{"custom_model_data":560},"model":"item/dot/560"},{"predicate":{"custom_model_data":561},"model":"item/dot/561"},{"predicate":{"custom_model_data":562},"model":"item/dot/562"},{"predicate":{"custom_model_data":563},"model":"item/dot/563"},{"predicate":{"custom_model_data":564},"model":"item/dot/564"},{"predicate":{"custom_model_data":565},"model":"item/dot/565"},{"predicate":{"custom_model_data":566},"model":"item/dot/566"},{"predicate":{"custom_model_data":567},"model":"item/dot/567"},{"predicate":{"custom_model_data":568},"model":"item/dot/568"},{"predicate":{"custom_model_data":569},"model":"item/dot/569"},{"predicate":{"custom_model_data":570},"model":"item/dot/570"},{"predicate":{"custom_model_data":571},"model":"item/dot/571"},{"predicate":{"custom_model_data":572},"model":"item/dot/572"},{"predicate":{"custom_model_data":573},"model":"item/dot/573"},{"predicate":{"custom_model_data":574},"model":"item/dot/574"},{"predicate":{"custom_model_data":575},"model":"item/dot/575"},{"predicate":{"custom_model_data":576},"model":"item/dot/576"},{"predicate":{"custom_model_data":577},"model":"item/dot/577"},{"predicate":{"custom_model_data":578},"model":"item/dot/578"},{"predicate":{"custom_model_data":579},"model":"item/dot/579"},{"predicate":{"custom_model_data":580},"model":"item/dot/580"},{"predicate":{"custom_model_data":581},"model":"item/dot/581"},{"predicate":{"custom_model_data":582},"model":"item/dot/582"},{"predicate":{"custom_model_data":583},"model":"item/dot/583"},{"predicate":{"custom_model_data":584},"model":"item/dot/584"},{"predicate":{"custom_model_data":585},"model":"item/dot/585"},{"predicate":{"custom_model_data":586},"model":"item/dot/586"},{"predicate":{"custom_model_data":587},"model":"item/dot/587"},{"predicate":{"custom_model_data":588},"model":"item/dot/588"},{"predicate":{"custom_model_data":589},"model":"item/dot/589"},{"predicate":{"custom_model_data":590},"model":"item/dot/590"},{"predicate":{"custom_model_data":591},"model":"item/dot/591"},{"predicate":{"custom_model_data":592},"model":"item/dot/592"},{"predicate":{"custom_model_data":593},"model":"item/dot/593"},{"predicate":{"custom_model_data":594},"model":"item/dot/594"},{"predicate":{"custom_model_data":595},"model":"item/dot/595"},{"predicate":{"custom_model_data":596},"model":"item/dot/596"},{"predicate":{"custom_model_data":597},"model":"item/dot/597"},{"predicate":{"custom_model_data":598},"model":"item/dot/598"},{"predicate":{"custom_model_data":599},"model":"item/dot/599"},{"predicate":{"custom_model_data":600},"model":"item/dot/600"},{"predicate":{"custom_model_data":601},"model":"item/dot/601"},{"predicate":{"custom_model_data":602},"model":"item/dot/602"},{"predicate":{"custom_model_data":603},"model":"item/dot/603"},{"predicate":{"custom_model_data":604},"model":"item/dot/604"},{"predicate":{"custom_model_data":605},"model":"item/dot/605"},{"predicate":{"custom_model_data":606},"model":"item/dot/606"},{"predicate":{"custom_model_data":607},"model":"item/dot/607"},{"predicate":{"custom_model_data":608},"model":"item/dot/608"},{"predicate":{"custom_model_data":609},"model":"item/dot/609"},{"predicate":{"custom_model_data":610},"model":"item/dot/610"},{"predicate":{"custom_model_data":611},"model":"item/dot/611"},{"predicate":{"custom_model_data":612},"model":"item/dot/612"},{"predicate":{"custom_model_data":613},"model":"item/dot/613"},{"predicate":{"custom_model_data":614},"model":"item/dot/614"},{"predicate":{"custom_model_data":615},"model":"item/dot/615"},{"predicate":{"custom_model_data":616},"model":"item/dot/616"},{"predicate":{"custom_model_data":617},"model":"item/dot/617"},{"predicate":{"custom_model_data":618},"model":"item/dot/618"},{"predicate":{"custom_model_data":619},"model":"item/dot/619"},{"predicate":{"custom_model_data":620},"model":"item/dot/620"},{"predicate":{"custom_model_data":621},"model":"item/dot/621"},{"predicate":{"custom_model_data":622},"model":"item/dot/622"},{"predicate":{"custom_model_data":623},"model":"item/dot/623"},{"predicate":{"custom_model_data":624},"model":"item/dot/624"},{"predicate":{"custom_model_data":625},"model":"item/dot/625"},{"predicate":{"custom_model_data":626},"model":"item/dot/626"},{"predicate":{"custom_model_data":627},"model":"item/dot/627"},{"predicate":{"custom_model_data":628},"model":"item/dot/628"},{"predicate":{"custom_model_data":629},"model":"item/dot/629"},{"predicate":{"custom_model_data":630},"model":"item/dot/630"},{"predicate":{"custom_model_data":631},"model":"item/dot/631"},{"predicate":{"custom_model_data":632},"model":"item/dot/632"},{"predicate":{"custom_model_data":633},"model":"item/dot/633"},{"predicate":{"custom_model_data":634},"model":"item/dot/634"},{"predicate":{"custom_model_data":635},"model":"item/dot/635"},{"predicate":{"custom_model_data":636},"model":"item/dot/636"},{"predicate":{"custom_model_data":637},"model":"item/dot/637"},{"predicate":{"custom_model_data":638},"model":"item/dot/638"},{"predicate":{"custom_model_data":639},"model":"item/dot/639"},{"predicate":{"custom_model_data":640},"model":"item/dot/640"},{"predicate":{"custom_model_data":641},"model":"item/dot/641"},{"predicate":{"custom_model_data":642},"model":"item/dot/642"},{"predicate":{"custom_model_data":643},"model":"item/dot/643"},{"predicate":{"custom_model_data":644},"model":"item/dot/644"},{"predicate":{"custom_model_data":645},"model":"item/dot/645"},{"predicate":{"custom_model_data":646},"model":"item/dot/646"},{"predicate":{"custom_model_data":647},"model":"item/dot/647"},{"predicate":{"custom_model_data":648},"model":"item/dot/648"},{"predicate":{"custom_model_data":649},"model":"item/dot/649"},{"predicate":{"custom_model_data":650},"model":"item/dot/650"},{"predicate":{"custom_model_data":651},"model":"item/dot/651"},{"predicate":{"custom_model_data":652},"model":"item/dot/652"},{"predicate":{"custom_model_data":653},"model":"item/dot/653"},{"predicate":{"custom_model_data":654},"model":"item/dot/654"},{"predicate":{"custom_model_data":655},"model":"item/dot/655"},{"predicate":{"custom_model_data":656},"model":"item/dot/656"},{"predicate":{"custom_model_data":657},"model":"item/dot/657"},{"predicate":{"custom_model_data":658},"model":"item/dot/658"},{"predicate":{"custom_model_data":659},"model":"item/dot/659"},{"predicate":{"custom_model_data":660},"model":"item/dot/660"},{"predicate":{"custom_model_data":661},"model":"item/dot/661"},{"predicate":{"custom_model_data":662},"model":"item/dot/662"},{"predicate":{"custom_model_data":663},"model":"item/dot/663"},{"predicate":{"custom_model_data":664},"model":"item/dot/664"},{"predicate":{"custom_model_data":665},"model":"item/dot/665"},{"predicate":{"custom_model_data":666},"model":"item/dot/666"},{"predicate":{"custom_model_data":667},"model":"item/dot/667"},{"predicate":{"custom_model_data":668},"model":"item/dot/668"},{"predicate":{"custom_model_data":669},"model":"item/dot/669"},{"predicate":{"custom_model_data":670},"model":"item/dot/670"},{"predicate":{"custom_model_data":671},"model":"item/dot/671"},{"predicate":{"custom_model_data":672},"model":"item/dot/672"},{"predicate":{"custom_model_data":673},"model":"item/dot/673"},{"predicate":{"custom_model_data":674},"model":"item/dot/674"},{"predicate":{"custom_model_data":675},"model":"item/dot/675"},{"predicate":{"custom_model_data":676},"model":"item/dot/676"},{"predicate":{"custom_model_data":677},"model":"item/dot/677"},{"predicate":{"custom_model_data":678},"model":"item/dot/678"},{"predicate":{"custom_model_data":679},"model":"item/dot/679"},{"predicate":{"custom_model_data":680},"model":"item/dot/680"},{"predicate":{"custom_model_data":681},"model":"item/dot/681"},{"predicate":{"custom_model_data":682},"model":"item/dot/682"},{"predicate":{"custom_model_data":683},"model":"item/dot/683"},{"predicate":{"custom_model_data":684},"model":"item/dot/684"},{"predicate":{"custom_model_data":685},"model":"item/dot/685"},{"predicate":{"custom_model_data":686},"model":"item/dot/686"},{"predicate":{"custom_model_data":687},"model":"item/dot/687"},{"predicate":{"custom_model_data":688},"model":"item/dot/688"},{"predicate":{"custom_model_data":689},"model":"item/dot/689"},{"predicate":{"custom_model_data":690},"model":"item/dot/690"},{"predicate":{"custom_model_data":691},"model":"item/dot/691"},{"predicate":{"custom_model_data":692},"model":"item/dot/692"},{"predicate":{"custom_model_data":693},"model":"item/dot/693"},{"predicate":{"custom_model_data":694},"model":"item/dot/694"},{"predicate":{"custom_model_data":695},"model":"item/dot/695"},{"predicate":{"custom_model_data":696},"model":"item/dot/696"},{"predicate":{"custom_model_data":697},"model":"item/dot/697"},{"predicate":{"custom_model_data":698},"model":"item/dot/698"},{"predicate":{"custom_model_data":699},"model":"item/dot/699"},{"predicate":{"custom_model_data":700},"model":"item/dot/700"},{"predicate":{"custom_model_data":701},"model":"item/dot/701"},{"predicate":{"custom_model_data":702},"model":"item/dot/702"},{"predicate":{"custom_model_data":703},"model":"item/dot/703"},{"predicate":{"custom_model_data":704},"model":"item/dot/704"},{"predicate":{"custom_model_data":705},"model":"item/dot/705"},{"predicate":{"custom_model_data":706},"model":"item/dot/706"},{"predicate":{"custom_model_data":707},"model":"item/dot/707"},{"predicate":{"custom_model_data":708},"model":"item/dot/708"},{"predicate":{"custom_model_data":709},"model":"item/dot/709"},{"predicate":{"custom_model_data":710},"model":"item/dot/710"},{"predicate":{"custom_model_data":711},"model":"item/dot/711"},{"predicate":{"custom_model_data":712},"model":"item/dot/712"},{"predicate":{"custom_model_data":713},"model":"item/dot/713"},{"predicate":{"custom_model_data":714},"model":"item/dot/714"},{"predicate":{"custom_model_data":715},"model":"item/dot/715"},{"predicate":{"custom_model_data":716},"model":"item/dot/716"},{"predicate":{"custom_model_data":717},"model":"item/dot/717"},{"predicate":{"custom_model_data":718},"model":"item/dot/718"},{"predicate":{"custom_model_data":719},"model":"item/dot/719"},{"predicate":{"custom_model_data":720},"model":"item/dot/720"},{"predicate":{"custom_model_data":721},"model":"item/dot/721"},{"predicate":{"custom_model_data":722},"model":"item/dot/722"},{"predicate":{"custom_model_data":723},"model":"item/dot/723"},{"predicate":{"custom_model_data":724},"model":"item/dot/724"},{"predicate":{"custom_model_data":725},"model":"item/dot/725"},{"predicate":{"custom_model_data":726},"model":"item/dot/726"},{"predicate":{"custom_model_data":727},"model":"item/dot/727"},{"predicate":{"custom_model_data":728},"model":"item/dot/728"},{"predicate":{"custom_model_data":729},"model":"item/dot/729"},{"predicate":{"custom_model_data":730},"model":"item/dot/730"},{"predicate":{"custom_model_data":731},"model":"item/dot/731"},{"predicate":{"custom_model_data":732},"model":"item/dot/732"},{"predicate":{"custom_model_data":733},"model":"item/dot/733"},{"predicate":{"custom_model_data":734},"model":"item/dot/734"},{"predicate":{"custom_model_data":735},"model":"item/dot/735"},{"predicate":{"custom_model_data":736},"model":"item/dot/736"},{"predicate":{"custom_model_data":737},"model":"item/dot/737"},{"predicate":{"custom_model_data":738},"model":"item/dot/738"},{"predicate":{"custom_model_data":739},"model":"item/dot/739"},{"predicate":{"custom_model_data":740},"model":"item/dot/740"},{"predicate":{"custom_model_data":741},"model":"item/dot/741"},{"predicate":{"custom_model_data":742},"model":"item/dot/742"},{"predicate":{"custom_model_data":743},"model":"item/dot/743"},{"predicate":{"custom_model_data":744},"model":"item/dot/744"},{"predicate":{"custom_model_data":745},"model":"item/dot/745"},{"predicate":{"custom_model_data":746},"model":"item/dot/746"},{"predicate":{"custom_model_data":747},"model":"item/dot/747"},{"predicate":{"custom_model_data":748},"model":"item/dot/748"},{"predicate":{"custom_model_data":749},"model":"item/dot/749"},{"predicate":{"custom_model_data":750},"model":"item/dot/750"},{"predicate":{"custom_model_data":751},"model":"item/dot/751"},{"predicate":{"custom_model_data":752},"model":"item/dot/752"},{"predicate":{"custom_model_data":753},"model":"item/dot/753"},{"predicate":{"custom_model_data":754},"model":"item/dot/754"},{"predicate":{"custom_model_data":755},"model":"item/dot/755"},{"predicate":{"custom_model_data":756},"model":"item/dot/756"},{"predicate":{"custom_model_data":757},"model":"item/dot/757"},{"predicate":{"custom_model_data":758},"model":"item/dot/758"},{"predicate":{"custom_model_data":759},"model":"item/dot/759"},{"predicate":{"custom_model_data":760},"model":"item/dot/760"},{"predicate":{"custom_model_data":761},"model":"item/dot/761"},{"predicate":{"custom_model_data":762},"model":"item/dot/762"},{"predicate":{"custom_model_data":763},"model":"item/dot/763"},{"predicate":{"custom_model_data":764},"model":"item/dot/764"},{"predicate":{"custom_model_data":765},"model":"item/dot/765"},{"predicate":{"custom_model_data":766},"model":"item/dot/766"},{"predicate":{"custom_model_data":767},"model":"item/dot/767"},{"predicate":{"custom_model_data":768},"model":"item/dot/768"},{"predicate":{"custom_model_data":769},"model":"item/dot/769"},{"predicate":{"custom_model_data":770},"model":"item/dot/770"},{"predicate":{"custom_model_data":771},"model":"item/dot/771"},{"predicate":{"custom_model_data":772},"model":"item/dot/772"},{"predicate":{"custom_model_data":773},"model":"item/dot/773"},{"predicate":{"custom_model_data":774},"model":"item/dot/774"},{"predicate":{"custom_model_data":775},"model":"item/dot/775"},{"predicate":{"custom_model_data":776},"model":"item/dot/776"},{"predicate":{"custom_model_data":777},"model":"item/dot/777"},{"predicate":{"custom_model_data":778},"model":"item/dot/778"},{"predicate":{"custom_model_data":779},"model":"item/dot/779"},{"predicate":{"custom_model_data":780},"model":"item/dot/780"},{"predicate":{"custom_model_data":781},"model":"item/dot/781"},{"predicate":{"custom_model_data":782},"model":"item/dot/782"},{"predicate":{"custom_model_data":783},"model":"item/dot/783"},{"predicate":{"custom_model_data":784},"model":"item/dot/784"},{"predicate":{"custom_model_data":785},"model":"item/dot/785"},{"predicate":{"custom_model_data":786},"model":"item/dot/786"},{"predicate":{"custom_model_data":787},"model":"item/dot/787"},{"predicate":{"custom_model_data":788},"model":"item/dot/788"},{"predicate":{"custom_model_data":789},"model":"item/dot/789"},{"predicate":{"custom_model_data":790},"model":"item/dot/790"},{"predicate":{"custom_model_data":791},"model":"item/dot/791"},{"predicate":{"custom_model_data":792},"model":"item/dot/792"},{"predicate":{"custom_model_data":793},"model":"item/dot/793"},{"predicate":{"custom_model_data":794},"model":"item/dot/794"},{"predicate":{"custom_model_data":795},"model":"item/dot/795"},{"predicate":{"custom_model_data":796},"model":"item/dot/796"},{"predicate":{"custom_model_data":797},"model":"item/dot/797"},{"predicate":{"custom_model_data":798},"model":"item/dot/798"},{"predicate":{"custom_model_data":799},"model":"item/dot/799"},{"predicate":{"custom_model_data":800},"model":"item/dot/800"},{"predicate":{"custom_model_data":801},"model":"item/dot/801"},{"predicate":{"custom_model_data":802},"model":"item/dot/802"},{"predicate":{"custom_model_data":803},"model":"item/dot/803"},{"predicate":{"custom_model_data":804},"model":"item/dot/804"},{"predicate":{"custom_model_data":805},"model":"item/dot/805"},{"predicate":{"custom_model_data":806},"model":"item/dot/806"},{"predicate":{"custom_model_data":807},"model":"item/dot/807"},{"predicate":{"custom_model_data":808},"model":"item/dot/808"},{"predicate":{"custom_model_data":809},"model":"item/dot/809"},{"predicate":{"custom_model_data":810},"model":"item/dot/810"},{"predicate":{"custom_model_data":811},"model":"item/dot/811"},{"predicate":{"custom_model_data":812},"model":"item/dot/812"},{"predicate":{"custom_model_data":813},"model":"item/dot/813"},{"predicate":{"custom_model_data":814},"model":"item/dot/814"},{"predicate":{"custom_model_data":815},"model":"item/dot/815"},{"predicate":{"custom_model_data":816},"model":"item/dot/816"},{"predicate":{"custom_model_data":817},"model":"item/dot/817"},{"predicate":{"custom_model_data":818},"model":"item/dot/818"},{"predicate":{"custom_model_data":819},"model":"item/dot/819"},{"predicate":{"custom_model_data":820},"model":"item/dot/820"},{"predicate":{"custom_model_data":821},"model":"item/dot/821"},{"predicate":{"custom_model_data":822},"model":"item/dot/822"},{"predicate":{"custom_model_data":823},"model":"item/dot/823"},{"predicate":{"custom_model_data":824},"model":"item/dot/824"},{"predicate":{"custom_model_data":825},"model":"item/dot/825"},{"predicate":{"custom_model_data":826},"model":"item/dot/826"},{"predicate":{"custom_model_data":827},"model":"item/dot/827"},{"predicate":{"custom_model_data":828},"model":"item/dot/828"},{"predicate":{"custom_model_data":829},"model":"item/dot/829"},{"predicate":{"custom_model_data":830},"model":"item/dot/830"},{"predicate":{"custom_model_data":831},"model":"item/dot/831"},{"predicate":{"custom_model_data":832},"model":"item/dot/832"},{"predicate":{"custom_model_data":833},"model":"item/dot/833"},{"predicate":{"custom_model_data":834},"model":"item/dot/834"},{"predicate":{"custom_model_data":835},"model":"item/dot/835"},{"predicate":{"custom_model_data":836},"model":"item/dot/836"},{"predicate":{"custom_model_data":837},"model":"item/dot/837"},{"predicate":{"custom_model_data":838},"model":"item/dot/838"},{"predicate":{"custom_model_data":839},"model":"item/dot/839"},{"predicate":{"custom_model_data":840},"model":"item/dot/840"},{"predicate":{"custom_model_data":841},"model":"item/dot/841"},{"predicate":{"custom_model_data":842},"model":"item/dot/842"},{"predicate":{"custom_model_data":843},"model":"item/dot/843"},{"predicate":{"custom_model_data":844},"model":"item/dot/844"},{"predicate":{"custom_model_data":845},"model":"item/dot/845"},{"predicate":{"custom_model_data":846},"model":"item/dot/846"},{"predicate":{"custom_model_data":847},"model":"item/dot/847"},{"predicate":{"custom_model_data":848},"model":"item/dot/848"},{"predicate":{"custom_model_data":849},"model":"item/dot/849"},{"predicate":{"custom_model_data":850},"model":"item/dot/850"},{"predicate":{"custom_model_data":851},"model":"item/dot/851"},{"predicate":{"custom_model_data":852},"model":"item/dot/852"},{"predicate":{"custom_model_data":853},"model":"item/dot/853"},{"predicate":{"custom_model_data":854},"model":"item/dot/854"},{"predicate":{"custom_model_data":855},"model":"item/dot/855"},{"predicate":{"custom_model_data":856},"model":"item/dot/856"},{"predicate":{"custom_model_data":857},"model":"item/dot/857"},{"predicate":{"custom_model_data":858},"model":"item/dot/858"},{"predicate":{"custom_model_data":859},"model":"item/dot/859"},{"predicate":{"custom_model_data":860},"model":"item/dot/860"},{"predicate":{"custom_model_data":861},"model":"item/dot/861"},{"predicate":{"custom_model_data":862},"model":"item/dot/862"},{"predicate":{"custom_model_data":863},"model":"item/dot/863"},{"predicate":{"custom_model_data":864},"model":"item/dot/864"},{"predicate":{"custom_model_data":865},"model":"item/dot/865"},{"predicate":{"custom_model_data":866},"model":"item/dot/866"},{"predicate":{"custom_model_data":867},"model":"item/dot/867"},{"predicate":{"custom_model_data":868},"model":"item/dot/868"},{"predicate":{"custom_model_data":869},"model":"item/dot/869"},{"predicate":{"custom_model_data":870},"model":"item/dot/870"},{"predicate":{"custom_model_data":871},"model":"item/dot/871"},{"predicate":{"custom_model_data":872},"model":"item/dot/872"},{"predicate":{"custom_model_data":873},"model":"item/dot/873"},{"predicate":{"custom_model_data":874},"model":"item/dot/874"},{"predicate":{"custom_model_data":875},"model":"item/dot/875"},{"predicate":{"custom_model_data":876},"model":"item/dot/876"},{"predicate":{"custom_model_data":877},"model":"item/dot/877"},{"predicate":{"custom_model_data":878},"model":"item/dot/878"},{"predicate":{"custom_model_data":879},"model":"item/dot/879"},{"predicate":{"custom_model_data":880},"model":"item/dot/880"},{"predicate":{"custom_model_data":881},"model":"item/dot/881"},{"predicate":{"custom_model_data":882},"model":"item/dot/882"},{"predicate":{"custom_model_data":883},"model":"item/dot/883"},{"predicate":{"custom_model_data":884},"model":"item/dot/884"},{"predicate":{"custom_model_data":885},"model":"item/dot/885"},{"predicate":{"custom_model_data":886},"model":"item/dot/886"},{"predicate":{"custom_model_data":887},"model":"item/dot/887"},{"predicate":{"custom_model_data":888},"model":"item/dot/888"},{"predicate":{"custom_model_data":889},"model":"item/dot/889"},{"predicate":{"custom_model_data":890},"model":"item/dot/890"},{"predicate":{"custom_model_data":891},"model":"item/dot/891"},{"predicate":{"custom_model_data":892},"model":"item/dot/892"},{"predicate":{"custom_model_data":893},"model":"item/dot/893"},{"predicate":{"custom_model_data":894},"model":"item/dot/894"},{"predicate":{"custom_model_data":895},"model":"item/dot/895"},{"predicate":{"custom_model_data":896},"model":"item/dot/896"},{"predicate":{"custom_model_data":897},"model":"item/dot/897"},{"predicate":{"custom_model_data":898},"model":"item/dot/898"},{"predicate":{"custom_model_data":899},"model":"item/dot/899"},{"predicate":{"custom_model_data":900},"model":"item/dot/900"},{"predicate":{"custom_model_data":901},"model":"item/dot/901"},{"predicate":{"custom_model_data":902},"model":"item/dot/902"},{"predicate":{"custom_model_data":903},"model":"item/dot/903"},{"predicate":{"custom_model_data":904},"model":"item/dot/904"},{"predicate":{"custom_model_data":905},"model":"item/dot/905"},{"predicate":{"custom_model_data":906},"model":"item/dot/906"},{"predicate":{"custom_model_data":907},"model":"item/dot/907"},{"predicate":{"custom_model_data":908},"model":"item/dot/908"},{"predicate":{"custom_model_data":909},"model":"item/dot/909"},{"predicate":{"custom_model_data":910},"model":"item/dot/910"},{"predicate":{"custom_model_data":911},"model":"item/dot/911"},{"predicate":{"custom_model_data":912},"model":"item/dot/912"},{"predicate":{"custom_model_data":913},"model":"item/dot/913"},{"predicate":{"custom_model_data":914},"model":"item/dot/914"},{"predicate":{"custom_model_data":915},"model":"item/dot/915"},{"predicate":{"custom_model_data":916},"model":"item/dot/916"},{"predicate":{"custom_model_data":917},"model":"item/dot/917"},{"predicate":{"custom_model_data":918},"model":"item/dot/918"},{"predicate":{"custom_model_data":919},"model":"item/dot/919"},{"predicate":{"custom_model_data":920},"model":"item/dot/920"},{"predicate":{"custom_model_data":921},"model":"item/dot/921"},{"predicate":{"custom_model_data":922},"model":"item/dot/922"},{"predicate":{"custom_model_data":923},"model":"item/dot/923"},{"predicate":{"custom_model_data":924},"model":"item/dot/924"},{"predicate":{"custom_model_data":925},"model":"item/dot/925"},{"predicate":{"custom_model_data":926},"model":"item/dot/926"},{"predicate":{"custom_model_data":927},"model":"item/dot/927"},{"predicate":{"custom_model_data":928},"model":"item/dot/928"},{"predicate":{"custom_model_data":929},"model":"item/dot/929"},{"predicate":{"custom_model_data":930},"model":"item/dot/930"},{"predicate":{"custom_model_data":931},"model":"item/dot/931"},{"predicate":{"custom_model_data":932},"model":"item/dot/932"},{"predicate":{"custom_model_data":933},"model":"item/dot/933"},{"predicate":{"custom_model_data":934},"model":"item/dot/934"},{"predicate":{"custom_model_data":935},"model":"item/dot/935"},{"predicate":{"custom_model_data":936},"model":"item/dot/936"},{"predicate":{"custom_model_data":937},"model":"item/dot/937"},{"predicate":{"custom_model_data":938},"model":"item/dot/938"},{"predicate":{"custom_model_data":939},"model":"item/dot/939"},{"predicate":{"custom_model_data":940},"model":"item/dot/940"},{"predicate":{"custom_model_data":941},"model":"item/dot/941"},{"predicate":{"custom_model_data":942},"model":"item/dot/942"},{"predicate":{"custom_model_data":943},"model":"item/dot/943"},{"predicate":{"custom_model_data":944},"model":"item/dot/944"},{"predicate":{"custom_model_data":945},"model":"item/dot/945"},{"predicate":{"custom_model_data":946},"model":"item/dot/946"},{"predicate":{"custom_model_data":947},"model":"item/dot/947"},{"predicate":{"custom_model_data":948},"model":"item/dot/948"},{"predicate":{"custom_model_data":949},"model":"item/dot/949"},{"predicate":{"custom_model_data":950},"model":"item/dot/950"},{"predicate":{"custom_model_data":951},"model":"item/dot/951"},{"predicate":{"custom_model_data":952},"model":"item/dot/952"},{"predicate":{"custom_model_data":953},"model":"item/dot/953"},{"predicate":{"custom_model_data":954},"model":"item/dot/954"},{"predicate":{"custom_model_data":955},"model":"item/dot/955"},{"predicate":{"custom_model_data":956},"model":"item/dot/956"},{"predicate":{"custom_model_data":957},"model":"item/dot/957"},{"predicate":{"custom_model_data":958},"model":"item/dot/958"},{"predicate":{"custom_model_data":959},"model":"item/dot/959"},{"predicate":{"custom_model_data":960},"model":"item/dot/960"},{"predicate":{"custom_model_data":961},"model":"item/dot/961"},{"predicate":{"custom_model_data":962},"model":"item/dot/962"},{"predicate":{"custom_model_data":963},"model":"item/dot/963"},{"predicate":{"custom_model_data":964},"model":"item/dot/964"},{"predicate":{"custom_model_data":965},"model":"item/dot/965"},{"predicate":{"custom_model_data":966},"model":"item/dot/966"},{"predicate":{"custom_model_data":967},"model":"item/dot/967"},{"predicate":{"custom_model_data":968},"model":"item/dot/968"},{"predicate":{"custom_model_data":969},"model":"item/dot/969"},{"predicate":{"custom_model_data":970},"model":"item/dot/970"},{"predicate":{"custom_model_data":971},"model":"item/dot/971"},{"predicate":{"custom_model_data":972},"model":"item/dot/972"},{"predicate":{"custom_model_data":973},"model":"item/dot/973"},{"predicate":{"custom_model_data":974},"model":"item/dot/974"},{"predicate":{"custom_model_data":975},"model":"item/dot/975"},{"predicate":{"custom_model_data":976},"model":"item/dot/976"},{"predicate":{"custom_model_data":977},"model":"item/dot/977"},{"predicate":{"custom_model_data":978},"model":"item/dot/978"},{"predicate":{"custom_model_data":979},"model":"item/dot/979"},{"predicate":{"custom_model_data":980},"model":"item/dot/980"},{"predicate":{"custom_model_data":981},"model":"item/dot/981"},{"predicate":{"custom_model_data":982},"model":"item/dot/982"},{"predicate":{"custom_model_data":983},"model":"item/dot/983"},{"predicate":{"custom_model_data":984},"model":"item/dot/984"},{"predicate":{"custom_model_data":985},"model":"item/dot/985"},{"predicate":{"custom_model_data":986},"model":"item/dot/986"},{"predicate":{"custom_model_data":987},"model":"item/dot/987"},{"predicate":{"custom_model_data":988},"model":"item/dot/988"},{"predicate":{"custom_model_data":989},"model":"item/dot/989"},{"predicate":{"custom_model_data":990},"model":"item/dot/990"},{"predicate":{"custom_model_data":991},"model":"item/dot/991"},{"predicate":{"custom_model_data":992},"model":"item/dot/992"},{"predicate":{"custom_model_data":993},"model":"item/dot/993"},{"predicate":{"custom_model_data":994},"model":"item/dot/994"},{"predicate":{"custom_model_data":995},"model":"item/dot/995"},{"predicate":{"custom_model_data":996},"model":"item/dot/996"},{"predicate":{"custom_model_data":997},"model":"item/dot/997"},{"predicate":{"custom_model_data":998},"model":"item/dot/998"},{"predicate":{"custom_model_data":999},"model":"item/dot/999"},{"predicate":{"custom_model_data":1000},"model":"item/dot/1000"},{"predicate":{"custom_model_data":1001},"model":"item/dot/1001"},{"predicate":{"custom_model_data":1002},"model":"item/dot/1002"},{"predicate":{"custom_model_data":1003},"model":"item/dot/1003"},{"predicate":{"custom_model_data":1004},"model":"item/dot/1004"},{"predicate":{"custom_model_data":1005},"model":"item/dot/1005"},{"predicate":{"custom_model_data":1006},"model":"item/dot/1006"},{"predicate":{"custom_model_data":1007},"model":"item/dot/1007"},{"predicate":{"custom_model_data":1008},"model":"item/dot/1008"},{"predicate":{"custom_model_data":1009},"model":"item/dot/1009"},{"predicate":{"custom_model_data":1010},"model":"item/dot/1010"},{"predicate":{"custom_model_data":1011},"model":"item/dot/1011"},{"predicate":{"custom_model_data":1012},"model":"item/dot/1012"},{"predicate":{"custom_model_data":1013},"model":"item/dot/1013"},{"predicate":{"custom_model_data":1014},"model":"item/dot/1014"},{"predicate":{"custom_model_data":1015},"model":"item/dot/1015"},{"predicate":{"custom_model_data":1016},"model":"item/dot/1016"},{"predicate":{"custom_model_data":1017},"model":"item/dot/1017"},{"predicate":{"custom_model_data":1018},"model":"item/dot/1018"},{"predicate":{"custom_model_data":1019},"model":"item/dot/1019"},{"predicate":{"custom_model_data":1020},"model":"item/dot/1020"},{"predicate":{"custom_model_data":1021},"model":"item/dot/1021"},{"predicate":{"custom_model_data":1022},"model":"item/dot/1022"},{"predicate":{"custom_model_data":1023},"model":"item/dot/1023"},{"predicate":{"custom_model_data":1024},"model":"item/dot/1024"},{"predicate":{"custom_model_data":1025},"model":"item/dot/1025"},{"predicate":{"custom_model_data":1026},"model":"item/dot/1026"},{"predicate":{"custom_model_data":1027},"model":"item/dot/1027"},{"predicate":{"custom_model_data":1028},"model":"item/dot/1028"},{"predicate":{"custom_model_data":1029},"model":"item/dot/1029"},{"predicate":{"custom_model_data":1030},"model":"item/dot/1030"},{"predicate":{"custom_model_data":1031},"model":"item/dot/1031"},{"predicate":{"custom_model_data":1032},"model":"item/dot/1032"},{"predicate":{"custom_model_data":1033},"model":"item/dot/1033"},{"predicate":{"custom_model_data":1034},"model":"item/dot/1034"},{"predicate":{"custom_model_data":1035},"model":"item/dot/1035"}]}