{
	"parent": "item/plate",
	"textures": {
		"plate": "custom/inventory0"
	},
	"overrides": [
		{ "predicate": { "custom_model_data": 1}, "model": "item/inventory1" },
		{ "predicate": { "custom_model_data": 2}, "model": "item/inventory2" },
		{ "predicate": { "custom_model_data": 3}, "model": "item/inventory3" },
		{ "predicate": { "custom_model_data": 4}, "model": "item/inventory4" },
		{ "predicate": { "custom_model_data": 5}, "model": "item/inventory5" },
		{ "predicate": { "custom_model_data": 6}, "model": "item/inventory6" },
		{ "predicate": { "custom_model_data": 7}, "model": "item/inventory7" },
		{ "predicate": { "custom_model_data": 8}, "model": "item/inventory8" },
		{ "predicate": { "custom_model_data": 9}, "model": "item/inventory9" },
		{ "predicate": { "custom_model_data": 10}, "model": "item/inventory10" },
		{ "predicate": { "custom_model_data": 11}, "model": "item/inventory11" },
		{ "predicate": { "custom_model_data": 12}, "model": "item/inventory12" },
		{ "predicate": { "custom_model_data": 13}, "model": "item/inventory13" },
		{ "predicate": { "custom_model_data": 14}, "model": "item/inventory14" },
		{ "predicate": { "custom_model_data": 15}, "model": "item/inventory15" },
		{ "predicate": { "custom_model_data": 16}, "model": "item/inventory16" },
		{ "predicate": { "custom_model_data": 17}, "model": "item/inventory17" },
		{ "predicate": { "custom_model_data": 18}, "model": "item/inventory18" },
		{ "predicate": { "custom_model_data": 19}, "model": "item/inventory19" },
		{ "predicate": { "custom_model_data": 20}, "model": "item/inventory20" },
		{ "predicate": { "custom_model_data": 21}, "model": "item/inventory21" },
		{ "predicate": { "custom_model_data": 22}, "model": "item/inventory22" },
		{ "predicate": { "custom_model_data": 23}, "model": "item/inventory23" },
		{ "predicate": { "custom_model_data": 24}, "model": "item/inventory24" },
		{ "predicate": { "custom_model_data": 25}, "model": "item/inventory25" },
		{ "predicate": { "custom_model_data": 26}, "model": "item/inventory26" },
		{ "predicate": { "custom_model_data": 27}, "model": "item/inventory27" },
		{ "predicate": { "custom_model_data": 28}, "model": "item/inventory28" },
		{ "predicate": { "custom_model_data": 29}, "model": "item/inventory29" },
		{ "predicate": { "custom_model_data": 30}, "model": "item/inventory30" },
		{ "predicate": { "custom_model_data": 31}, "model": "item/inventory31" },
		{ "predicate": { "custom_model_data": 32}, "model": "item/inventory32" },
		{ "predicate": { "custom_model_data": 33}, "model": "item/inventory33" },
		{ "predicate": { "custom_model_data": 34}, "model": "item/inventory34" },
		{ "predicate": { "custom_model_data": 35}, "model": "item/inventory35" },
		{ "predicate": { "custom_model_data": 36}, "model": "item/inventory36" }
	]
}