{
	"parent": "item/handheld_rod",
	"textures": {
		"layer0": "custom/invisible"
	},
	"overrides": [
		{ "predicate": { "custom_model_data": 5}, "model": "item/skip" },
		{ "predicate": { "custom_model_data": 6}, "model": "item/teleport" },
		{ "predicate": { "custom_model_data": 10}, "model": "item/wand" },
		{ "predicate": { "custom_model_data": 11}, "model": "item/reset" },
		{ "predicate": { "custom_model_data": 101}, "model": "item/ring1" },
		{ "predicate": { "custom_model_data": 102}, "model": "item/ring2" },
		{ "predicate": { "custom_model_data": 103}, "model": "item/ring3" },
		{ "predicate": { "custom_model_data": 104}, "model": "item/ring4" },
		{ "predicate": { "custom_model_data": 105}, "model": "item/ring5" },
		{ "predicate": { "custom_model_data": 106}, "model": "item/ring6" }
	]
}