{
	"credit": "Made with Blockbench",
	"textures": {
		"main": "custom/bird3"
	},
	"elements": [
		{
			"from": [7, 4.30237, 4.04747],
			"to": [9, 6.30237, 9.54747],
			"faces": {
				"north": {"uv": [0.25, 0.25, 0.75, 0.75], "texture": "#main"},
				"east": {"uv": [0.25, 0.25, 0.75, 0.75], "texture": "#main"},
				"south": {"uv": [0.25, 0.25, 0.75, 0.75], "texture": "#main"},
				"west": {"uv": [0.25, 0.25, 0.75, 0.75], "texture": "#main"},
				"up": {"uv": [0.25, 0.25, 0.75, 0.75], "texture": "#main"},
				"down": {"uv": [0.25, 0.25, 0.75, 0.75], "texture": "#main"}
			}
		},
		{
			"from": [6, 5.30237, 9.54747],
			"to": [10, 5.30237, 13.54747],
			"faces": {
				"north": {"uv": [0, 0, 1, 1], "texture": "#main"},
				"east": {"uv": [0, 0, 1, 1], "texture": "#main"},
				"south": {"uv": [0, 0, 1, 1], "texture": "#main"},
				"west": {"uv": [0, 0, 1, 1], "texture": "#main"},
				"down": {"uv": [0, 0, 1, 1], "texture": "#main"}
			}
		},
		{
			"from": [9, 5.30237, 3.54747],
			"to": [19, 5.30237, 8.54747],
			"rotation": {"angle": 45, "axis": "z", "origin": [8, 5, 8]},
			"faces": {
				"down": {"uv": [0, 1, 2.5, 2.25], "rotation": 180, "texture": "#main"}
			}
		},
		{
			"from": [-3, 5.30237, 3.54747],
			"to": [7, 5.30237, 8.54747],
			"rotation": {"angle": -45, "axis": "z", "origin": [8, 5, 7]},
			"faces": {
				"down": {"uv": [0, 2.75, 2.5, 4], "rotation": 180, "texture": "#main"}
			}
		},
		{
			"from": [7, 4.55237, 4.04747],
			"to": [9, 6.55237, 9.54747],
			"faces": {
				"north": {"uv": [4.25, 0.25, 4.75, 0.75], "texture": "#main"},
				"east": {"uv": [4.25, 0.25, 4.75, 0.75], "texture": "#main"},
				"south": {"uv": [4.25, 0.25, 4.75, 0.75], "texture": "#main"},
				"west": {"uv": [4.25, 0.25, 4.75, 0.75], "texture": "#main"},
				"up": {"uv": [4.25, 0.25, 4.75, 0.75], "texture": "#main"},
				"down": {"uv": [4.25, 0.25, 4.75, 0.75], "texture": "#main"}
			}
		},
		{
			"from": [6, 5.55237, 9.54747],
			"to": [10, 5.55237, 13.54747],
			"faces": {
				"north": {"uv": [4, 0, 5, 1], "texture": "#main"},
				"east": {"uv": [4, 0, 5, 1], "texture": "#main"},
				"south": {"uv": [4, 0, 5, 1], "texture": "#main"},
				"west": {"uv": [4, 0, 5, 1], "texture": "#main"},
				"down": {"uv": [4, 0, 5, 1], "texture": "#main"}
			}
		},
		{
			"from": [9.09567, 5.53334, 3.54747],
			"to": [19.09567, 5.53334, 8.54747],
			"rotation": {"angle": 22.5, "axis": "z", "origin": [8, 5, 8]},
			"faces": {
				"down": {"uv": [4, 1, 6.5, 2.25], "rotation": 180, "texture": "#main"}
			}
		},
		{
			"from": [-3.09567, 5.53334, 3.54747],
			"to": [6.90433, 5.53334, 8.54747],
			"rotation": {"angle": -22.5, "axis": "z", "origin": [8, 5, 7]},
			"faces": {
				"down": {"uv": [4, 2.75, 6.5, 4], "rotation": 180, "texture": "#main"}
			}
		},
		{
			"from": [7, 4.80237, 4.04747],
			"to": [9, 6.80237, 9.54747],
			"faces": {
				"north": {"uv": [8.25, 0.25, 8.75, 0.75], "texture": "#main"},
				"east": {"uv": [8.25, 0.25, 8.75, 0.75], "texture": "#main"},
				"south": {"uv": [8.25, 0.25, 8.75, 0.75], "texture": "#main"},
				"west": {"uv": [8.25, 0.25, 8.75, 0.75], "texture": "#main"},
				"up": {"uv": [8.25, 0.25, 8.75, 0.75], "texture": "#main"},
				"down": {"uv": [8.25, 0.25, 8.75, 0.75], "texture": "#main"}
			}
		},
		{
			"from": [6, 5.80237, 9.54747],
			"to": [10, 5.80237, 13.54747],
			"faces": {
				"north": {"uv": [8, 0, 9, 1], "texture": "#main"},
				"east": {"uv": [8, 0, 9, 1], "texture": "#main"},
				"south": {"uv": [8, 0, 9, 1], "texture": "#main"},
				"west": {"uv": [8, 0, 9, 1], "texture": "#main"},
				"down": {"uv": [8, 0, 9, 1], "texture": "#main"}
			}
		},
		{
			"from": [9, 5.80237, 3.54747],
			"to": [19, 5.80237, 8.54747],
			"rotation": {"angle": 0, "axis": "z", "origin": [8, 5, 8]},
			"faces": {
				"down": {"uv": [8, 1, 10.5, 2.25], "rotation": 180, "texture": "#main"}
			}
		},
		{
			"from": [-3, 5.80237, 3.54747],
			"to": [7, 5.80237, 8.54747],
			"rotation": {"angle": 0, "axis": "z", "origin": [8, 5, 7]},
			"faces": {
				"down": {"uv": [8, 2.75, 10.5, 4], "rotation": 180, "texture": "#main"}
			}
		},
		{
			"from": [7, 5.05237, 4.04747],
			"to": [9, 7.05237, 9.54747],
			"faces": {
				"north": {"uv": [12.25, 0.25, 12.75, 0.75], "texture": "#main"},
				"east": {"uv": [12.25, 0.25, 12.75, 0.75], "texture": "#main"},
				"south": {"uv": [12.25, 0.25, 12.75, 0.75], "texture": "#main"},
				"west": {"uv": [12.25, 0.25, 12.75, 0.75], "texture": "#main"},
				"up": {"uv": [12.25, 0.25, 12.75, 0.75], "texture": "#main"},
				"down": {"uv": [12.25, 0.25, 12.75, 0.75], "texture": "#main"}
			}
		},
		{
			"from": [6, 6.05237, 9.54747],
			"to": [10, 6.05237, 13.54747],
			"faces": {
				"north": {"uv": [12, 0, 13, 1], "texture": "#main"},
				"east": {"uv": [12, 0, 13, 1], "texture": "#main"},
				"south": {"uv": [12, 0, 13, 1], "texture": "#main"},
				"west": {"uv": [12, 0, 13, 1], "texture": "#main"},
				"down": {"uv": [12, 0, 13, 1], "texture": "#main"}
			}
		},
		{
			"from": [8.71299, 5.99528, 3.54747],
			"to": [18.71299, 5.99528, 8.54747],
			"rotation": {"angle": -22.5, "axis": "z", "origin": [8, 5, 8]},
			"faces": {
				"down": {"uv": [12, 1, 14.5, 2.25], "rotation": 180, "texture": "#main"}
			}
		},
		{
			"from": [-2.71299, 5.99528, 3.54747],
			"to": [7.28701, 5.99528, 8.54747],
			"rotation": {"angle": 22.5, "axis": "z", "origin": [8, 5, 7]},
			"faces": {
				"down": {"uv": [12, 2.75, 14.5, 4], "rotation": 180, "texture": "#main"}
			}
		},
		{
			"from": [7, 5.30237, 4.04747],
			"to": [9, 7.30237, 9.54747],
			"faces": {
				"north": {"uv": [0.25, 4.25, 0.75, 4.75], "texture": "#main"},
				"east": {"uv": [0.25, 4.25, 0.75, 4.75], "texture": "#main"},
				"south": {"uv": [0.25, 4.25, 0.75, 4.75], "texture": "#main"},
				"west": {"uv": [0.25, 4.25, 0.75, 4.75], "texture": "#main"},
				"up": {"uv": [0.25, 4.25, 0.75, 4.75], "texture": "#main"},
				"down": {"uv": [0.25, 4.25, 0.75, 4.75], "texture": "#main"}
			}
		},
		{
			"from": [6, 6.30237, 9.54747],
			"to": [10, 6.30237, 13.54747],
			"faces": {
				"north": {"uv": [0, 4, 1, 5], "texture": "#main"},
				"east": {"uv": [0, 4, 1, 5], "texture": "#main"},
				"south": {"uv": [0, 4, 1, 5], "texture": "#main"},
				"west": {"uv": [0, 4, 1, 5], "texture": "#main"},
				"down": {"uv": [0, 4, 1, 5], "texture": "#main"}
			}
		},
		{
			"from": [8.29289, 6.00948, 3.54747],
			"to": [18.29289, 6.00948, 8.54747],
			"rotation": {"angle": -45, "axis": "z", "origin": [8, 5, 8]},
			"faces": {
				"down": {"uv": [0, 5, 2.5, 6.25], "rotation": 180, "texture": "#main"}
			}
		},
		{
			"from": [-2.29289, 6.00948, 3.54747],
			"to": [7.70711, 6.00948, 8.54747],
			"rotation": {"angle": 45, "axis": "z", "origin": [8, 5, 7]},
			"faces": {
				"down": {"uv": [0, 6.75, 2.5, 8], "rotation": 180, "texture": "#main"}
			}
		}
	]
}