{
	"credit": "Made with Blockbench",
	"textures": {
		"0": "shield/hex_base",
		"2": "shield/hex_pattern0",
		"particle": "shield/hex_base"
	},
	"elements": [
		{
			"name": "Shield Base",
			"from": [-8, -10, 0.82],
			"to": [8, 14, 1.57],
			"rotation": {"angle": 0, "axis": "y", "origin": [8, 10, 8.8]},
			"faces": {
				"north": {"uv": [8, 0, 16, 12], "texture": "#0"},
				"east": {"uv": [0, 15, 1, 16], "texture": "#0"},
				"south": {"uv": [0, 0, 8, 12], "texture": "#0"},
				"west": {"uv": [0, 15, 1, 16], "texture": "#0"},
				"up": {"uv": [0, 15, 1, 16], "texture": "#0"},
				"down": {"uv": [0, 15, 1, 16], "texture": "#0"}
			}
		},
		{
			"name": "Pattern",
			"from": [-8, -10, 1.048],
			"to": [8, 14, 1.798],
			"rotation": {"angle": 0, "axis": "y", "origin": [8, 10, 8.8]},
			"faces": {
				"north": {"uv": [4, 2, 12, 14], "texture": "#2"},
				"east": {"uv": [0, 15, 1, 16], "texture": "#2"},
				"south": {"uv": [4, 2, 12, 14], "texture": "#2"},
				"west": {"uv": [0, 15, 1, 16], "texture": "#2"},
				"up": {"uv": [0, 15, 1, 16], "texture": "#2"},
				"down": {"uv": [0, 15, 1, 16], "texture": "#2"}
			}
		},
		{
			"name": "Shield Boss",
			"from": [-2, 0, 1.15],
			"to": [2, 4, 2.15],
			"rotation": {"angle": 0, "axis": "y", "origin": [8, 8, 8.8]},
			"faces": {
				"north": {"uv": [8.5, 7, 9, 7.5], "texture": "#2"},
				"east": {"uv": [8.75, 7, 9, 9], "texture": "#2"},
				"south": {"uv": [7, 7, 9, 9], "texture": "#2"},
				"west": {"uv": [7, 7, 7.25, 9], "texture": "#2"},
				"up": {"uv": [7, 7, 9, 7.25], "texture": "#2"},
				"down": {"uv": [7, 8.75, 9, 9], "texture": "#2"}
			}
		},
		{
			"from": [-3.40614, -2.97964, 0.80026],
			"to": [-2.39755, 10.00112, 1.80063],
			"rotation": {"angle": -22.5, "axis": "z", "origin": [6.85245, 11.00112, 8.80026]},
			"faces": {
				"north": {"uv": [0, 0, 0.5, 0.5], "texture": "#2"},
				"east": {"uv": [0, 0, 0.5, 0.5], "texture": "#2"},
				"south": {"uv": [0, 0, 0.5, 0.5], "texture": "#2"},
				"west": {"uv": [0, 0, 0.5, 0.5], "texture": "#2"},
				"up": {"uv": [0, 0, 0.5, 0.5], "texture": "#2"},
				"down": {"uv": [0, 0, 0.5, 0.5], "texture": "#2"}
			}
		},
		{
			"from": [-5.6963, -8.4477, 0.80063],
			"to": [-4.6963, 4.5523, 1.80063],
			"rotation": {"angle": 22.5, "axis": "z", "origin": [-0.4463, -2.4477, 8.80063]},
			"faces": {
				"north": {"uv": [0, 0, 0.5, 0.5], "texture": "#2"},
				"east": {"uv": [0, 0, 0.5, 0.5], "texture": "#2"},
				"south": {"uv": [0, 0, 0.5, 0.5], "texture": "#2"},
				"west": {"uv": [0, 0, 0.5, 0.5], "texture": "#2"},
				"up": {"uv": [0, 0, 0.5, 0.5], "texture": "#2"},
				"down": {"uv": [0, 0, 0.5, 0.5], "texture": "#2"}
			}
		},
		{
			"from": [4.44677, -14.16671, 0.80058],
			"to": [5.45532, -1.18569, 1.79989],
			"rotation": {"angle": -22.5, "axis": "z", "origin": [14.69677, -5.93159, 8.76054]},
			"faces": {
				"north": {"uv": [0, 0, 0.5, 0.5], "texture": "#2"},
				"east": {"uv": [0, 0, 0.5, 0.5], "texture": "#2"},
				"south": {"uv": [0, 0, 0.5, 0.5], "texture": "#2"},
				"west": {"uv": [0, 0, 0.5, 0.5], "texture": "#2"},
				"up": {"uv": [0, 0, 0.5, 0.5], "texture": "#2"},
				"down": {"uv": [0, 0, 0.5, 0.5], "texture": "#2"}
			}
		},
		{
			"from": [3.64739, 3.01846, 0.79989],
			"to": [4.64739, 16.01846, 1.79989],
			"rotation": {"angle": 22.5, "axis": "z", "origin": [8.89739, 10.86846, 8.79989]},
			"faces": {
				"north": {"uv": [0, 0, 0.5, 0.5], "texture": "#2"},
				"east": {"uv": [0, 0, 0.5, 0.5], "texture": "#2"},
				"south": {"uv": [0, 0, 0.5, 0.5], "texture": "#2"},
				"west": {"uv": [0, 0, 0.5, 0.5], "texture": "#2"},
				"up": {"uv": [0, 0, 0.5, 0.5], "texture": "#2"},
				"down": {"uv": [0, 0, 0.5, 0.5], "texture": "#2"}
			}
		},
		{
			"from": [-3, -10, 0.8],
			"to": [3, -9, 1.8],
			"rotation": {"angle": 0, "axis": "y", "origin": [7, 11, 8.8]},
			"faces": {
				"north": {"uv": [0, 0, 0.5, 0.5], "texture": "#2"},
				"east": {"uv": [0, 0, 0.5, 0.5], "texture": "#2"},
				"south": {"uv": [0, 0, 0.5, 0.5], "texture": "#2"},
				"west": {"uv": [0, 0, 0.5, 0.5], "texture": "#2"},
				"up": {"uv": [0, 0, 0.5, 0.5], "texture": "#2"},
				"down": {"uv": [0, 0, 0.5, 0.5], "texture": "#2"}
			}
		},
		{
			"from": [-3, 13, 0.8],
			"to": [3, 14, 1.8],
			"rotation": {"angle": 0, "axis": "y", "origin": [7, 11, 8.8]},
			"faces": {
				"north": {"uv": [0, 0, 0.5, 0.5], "texture": "#2"},
				"east": {"uv": [0, 0, 0.5, 0.5], "texture": "#2"},
				"south": {"uv": [0, 0, 0.5, 0.5], "texture": "#2"},
				"west": {"uv": [0, 0, 0.5, 0.5], "texture": "#2"},
				"up": {"uv": [0, 0, 0.5, 0.5], "texture": "#2"},
				"down": {"uv": [0, 0, 0.5, 0.5], "texture": "#2"}
			}
		},
		{
			"name": "handle",
			"from": [-1, -1, -5.15],
			"to": [1, 5, 0.85],
			"rotation": {"angle": 0, "axis": "y", "origin": [8, 8, 8.5]},
			"faces": {
				"north": {"uv": [15, 13, 16, 16], "texture": "#0"},
				"east": {"uv": [12, 13, 15, 16], "texture": "#0"},
				"south": {"uv": [15, 13, 16, 16], "texture": "#0"},
				"west": {"uv": [12, 13, 15, 16], "texture": "#0"},
				"up": {"uv": [15, 13, 16, 16], "texture": "#0"},
				"down": {"uv": [15, 13, 16, 16], "texture": "#0"}
			}
		}
	],
	"display": {
		"thirdperson_righthand": {
			"rotation": [0, 90, 0],
			"translation": [10.15, 4, -4]
		},
		"thirdperson_lefthand": {
			"rotation": [0, 90, 0],
			"translation": [10, 4, 12]
		},
		"firstperson_righthand": {
			"rotation": [0, 180, 5],
			"translation": [-10, 1, -10],
			"scale": [1.25, 1.25, 1.25]
		},
		"firstperson_lefthand": {
			"rotation": [0, 180, 5],
			"translation": [10, -1, -10],
			"scale": [1.25, 1.25, 1.25]
		},
		"ground": {
			"translation": [4, 4, 2],
			"scale": [0.25, 0.25, 0.25]
		},
		"gui": {
			"rotation": [15, -25, -5],
			"translation": [2, 2, 0],
			"scale": [0.65, 0.65, 0.65]
		},
		"fixed": {
			"rotation": [0, 180, 0],
			"translation": [-16, 12, -13.25],
			"scale": [2, 2, 2]
		}
	},
	"groups": [0, 1, 2,
		{
			"name": "Border",
			"origin": [7, 11, 8],
			"children": [3, 4, 5, 6, 7, 8]
		}, 9]
}