{
	"credit": "Made with Blockbench",
	"textures": {
		"1": "shield/round_base",
		"3": "shield/round_pattern0",
		"particle": "shield/round_base0"
	},
	"elements": [
		{
			"name": "Shield Base",
			"from": [-10, -8.0625, 0.825],
			"to": [10, 11.9375, 1.7375],
			"rotation": {"angle": 0, "axis": "y", "origin": [0, 1.9375, 2.0625]},
			"faces": {
				"north": {"uv": [10.5, 10.5, 16, 16], "texture": "#1"},
				"south": {"uv": [0, 10.5, 5.5, 16], "texture": "#1"}
			}
		},
		{
			"name": "Patten",
			"from": [-10, -8.0625, 1.1125],
			"to": [10, 11.9375, 2.035],
			"rotation": {"angle": 0, "axis": "y", "origin": [0, 1.9375, 2.0625]},
			"faces": {
				"south": {"uv": [5, 5, 16, 16], "texture": "#3"}
			}
		},
		{
			"from": [-2.55525, -7.99719, 0.815],
			"to": [2.44475, -6.74719, 2.065],
			"rotation": {"angle": 0, "axis": "y", "origin": [0, 1.9375, 2.0625]},
			"faces": {
				"north": {"uv": [0, 0, 1, 1], "rotation": 270, "texture": "#3"},
				"east": {"uv": [0, 0, 1, 1], "rotation": 270, "texture": "#3"},
				"south": {"uv": [0, 0, 1, 1], "rotation": 270, "texture": "#3"},
				"west": {"uv": [0, 0, 1, 1], "rotation": 270, "texture": "#3"},
				"up": {"uv": [0, 0, 1, 1], "rotation": 270, "texture": "#3"},
				"down": {"uv": [0, 0, 1, 1], "rotation": 270, "texture": "#3"}
			}
		},
		{
			"from": [-10.0558, -0.49752, 0.815],
			"to": [-8.81389, 4.50248, 2.065],
			"rotation": {"angle": 0, "axis": "y", "origin": [0, 1.9375, 2.0625]},
			"faces": {
				"north": {"uv": [0, 0, 1, 1], "texture": "#3"},
				"east": {"uv": [0, 0, 1, 1], "texture": "#3"},
				"south": {"uv": [0, 0, 1, 1], "texture": "#3"},
				"west": {"uv": [0, 0, 1, 1], "texture": "#3"},
				"up": {"uv": [0, 0, 1, 1], "texture": "#3"},
				"down": {"uv": [0, 0, 1, 1], "texture": "#3"}
			}
		},
		{
			"from": [-2.55554, -7.99739, 0.81375],
			"to": [2.44446, -6.74739, 2.06375],
			"rotation": {"angle": -45, "axis": "z", "origin": [-0.05554, 2.00261, 1.44775]},
			"faces": {
				"north": {"uv": [0, 0, 1, 1], "rotation": 270, "texture": "#3"},
				"east": {"uv": [0, 0, 1, 1], "rotation": 270, "texture": "#3"},
				"south": {"uv": [0, 0, 1, 1], "rotation": 270, "texture": "#3"},
				"west": {"uv": [0, 0, 1, 1], "rotation": 270, "texture": "#3"},
				"up": {"uv": [0, 0, 1, 1], "rotation": 270, "texture": "#3"},
				"down": {"uv": [0, 0, 1, 1], "rotation": 270, "texture": "#3"}
			}
		},
		{
			"from": [2.87678, 10.42915, 0.8125],
			"to": [5.91113, 11.67915, 2.0625],
			"rotation": {"angle": -22.5, "axis": "z", "origin": [3.47233, 12.92915, 1.47622]},
			"faces": {
				"north": {"uv": [0, 0, 1, 1], "rotation": 90, "texture": "#3"},
				"east": {"uv": [0, 0, 1, 1], "rotation": 90, "texture": "#3"},
				"south": {"uv": [0, 0, 1, 1], "rotation": 90, "texture": "#3"},
				"west": {"uv": [0, 0, 1, 1], "rotation": 90, "texture": "#3"},
				"up": {"uv": [0, 0, 1, 1], "rotation": 90, "texture": "#3"},
				"down": {"uv": [0, 0, 1, 1], "rotation": 90, "texture": "#3"}
			}
		},
		{
			"from": [7.66529, 4.79479, 0.8125],
			"to": [8.91529, 7.82916, 2.0625],
			"rotation": {"angle": 22.5, "axis": "z", "origin": [10.16529, 7.23358, 1.45859]},
			"faces": {
				"north": {"uv": [0, 0, 1, 1], "rotation": 180, "texture": "#3"},
				"east": {"uv": [0, 0, 1, 1], "rotation": 180, "texture": "#3"},
				"south": {"uv": [0, 0, 1, 1], "rotation": 180, "texture": "#3"},
				"west": {"uv": [0, 0, 1, 1], "rotation": 180, "texture": "#3"},
				"up": {"uv": [0, 0, 1, 1], "rotation": 180, "texture": "#3"},
				"down": {"uv": [0, 0, 1, 1], "rotation": 180, "texture": "#3"}
			}
		},
		{
			"from": [-4.44475, -9.74124, 0.8125],
			"to": [-1.41041, -8.49124, 2.0625],
			"rotation": {"angle": -22.5, "axis": "z", "origin": [2.4008, -5.99124, 1.46216]},
			"faces": {
				"north": {"uv": [0, 0, 1, 1], "rotation": 270, "texture": "#3"},
				"east": {"uv": [0, 0, 1, 1], "rotation": 270, "texture": "#3"},
				"south": {"uv": [0, 0, 1, 1], "rotation": 270, "texture": "#3"},
				"west": {"uv": [0, 0, 1, 1], "rotation": 270, "texture": "#3"},
				"up": {"uv": [0, 0, 1, 1], "rotation": 270, "texture": "#3"},
				"down": {"uv": [0, 0, 1, 1], "rotation": 270, "texture": "#3"}
			}
		},
		{
			"from": [-10.11321, -2.05139, 0.8125],
			"to": [-8.86321, 0.98299, 2.0625],
			"rotation": {"angle": 22.5, "axis": "z", "origin": [-6.36321, 0.38741, 1.476]},
			"faces": {
				"north": {"uv": [0, 0, 1, 1], "texture": "#3"},
				"east": {"uv": [0, 0, 1, 1], "texture": "#3"},
				"south": {"uv": [0, 0, 1, 1], "texture": "#3"},
				"west": {"uv": [0, 0, 1, 1], "texture": "#3"},
				"up": {"uv": [0, 0, 1, 1], "texture": "#3"},
				"down": {"uv": [0, 0, 1, 1], "texture": "#3"}
			}
		},
		{
			"from": [-2.55597, 10.75236, 0.81375],
			"to": [2.44403, 12.00236, 2.06375],
			"rotation": {"angle": 45, "axis": "z", "origin": [-0.05598, 2.00236, 1.4393]},
			"faces": {
				"north": {"uv": [0, 0, 1, 1], "rotation": 90, "texture": "#3"},
				"east": {"uv": [0, 0, 1, 1], "rotation": 90, "texture": "#3"},
				"south": {"uv": [0, 0, 1, 1], "rotation": 90, "texture": "#3"},
				"west": {"uv": [0, 0, 1, 1], "rotation": 90, "texture": "#3"},
				"up": {"uv": [0, 0, 1, 1], "rotation": 90, "texture": "#3"},
				"down": {"uv": [0, 0, 1, 1], "rotation": 90, "texture": "#3"}
			}
		},
		{
			"from": [7.66477, -3.82749, 0.8125],
			"to": [8.91477, -0.79311, 2.0625],
			"rotation": {"angle": -22.5, "axis": "z", "origin": [10.17124, -3.23194, 1.42635]},
			"faces": {
				"north": {"uv": [0, 0, 1, 1], "rotation": 180, "texture": "#3"},
				"east": {"uv": [0, 0, 1, 1], "rotation": 180, "texture": "#3"},
				"south": {"uv": [0, 0, 1, 1], "rotation": 180, "texture": "#3"},
				"west": {"uv": [0, 0, 1, 1], "rotation": 180, "texture": "#3"},
				"up": {"uv": [0, 0, 1, 1], "rotation": 180, "texture": "#3"},
				"down": {"uv": [0, 0, 1, 1], "rotation": 180, "texture": "#3"}
			}
		},
		{
			"from": [0.48872, -5.66285, 0.8125],
			"to": [3.52306, -4.41285, 2.0625],
			"rotation": {"angle": 22.5, "axis": "z", "origin": [7.33428, -1.91285, 1.44561]},
			"faces": {
				"north": {"uv": [0, 0, 1, 1], "rotation": 270, "texture": "#3"},
				"east": {"uv": [0, 0, 1, 1], "rotation": 270, "texture": "#3"},
				"south": {"uv": [0, 0, 1, 1], "rotation": 270, "texture": "#3"},
				"west": {"uv": [0, 0, 1, 1], "rotation": 270, "texture": "#3"},
				"up": {"uv": [0, 0, 1, 1], "rotation": 270, "texture": "#3"},
				"down": {"uv": [0, 0, 1, 1], "rotation": 270, "texture": "#3"}
			}
		},
		{
			"from": [-4.44801, 10.0093, 0.8125],
			"to": [-1.41367, 11.2593, 2.0625],
			"rotation": {"angle": 22.5, "axis": "z", "origin": [-3.85246, 8.7593, 1.43952]},
			"faces": {
				"north": {"uv": [0, 0, 1, 1], "rotation": 90, "texture": "#3"},
				"east": {"uv": [0, 0, 1, 1], "rotation": 90, "texture": "#3"},
				"south": {"uv": [0, 0, 1, 1], "rotation": 90, "texture": "#3"},
				"west": {"uv": [0, 0, 1, 1], "rotation": 90, "texture": "#3"},
				"up": {"uv": [0, 0, 1, 1], "rotation": 90, "texture": "#3"},
				"down": {"uv": [0, 0, 1, 1], "rotation": 90, "texture": "#3"}
			}
		},
		{
			"from": [-10.0188, 3.49785, 0.8125],
			"to": [-8.7688, 6.53223, 2.0625],
			"rotation": {"angle": -22.5, "axis": "z", "origin": [-7.51234, 4.0934, 1.4467]},
			"faces": {
				"north": {"uv": [0, 0, 1, 1], "texture": "#3"},
				"east": {"uv": [0, 0, 1, 1], "texture": "#3"},
				"south": {"uv": [0, 0, 1, 1], "texture": "#3"},
				"west": {"uv": [0, 0, 1, 1], "texture": "#3"},
				"up": {"uv": [0, 0, 1, 1], "texture": "#3"},
				"down": {"uv": [0, 0, 1, 1], "texture": "#3"}
			}
		},
		{
			"from": [-2.55614, 10.75224, 0.815],
			"to": [2.44386, 12.00224, 2.065],
			"rotation": {"angle": 0, "axis": "y", "origin": [0, 1.9375, 2.0625]},
			"faces": {
				"north": {"uv": [0, 0, 1, 1], "rotation": 90, "texture": "#3"},
				"east": {"uv": [0, 0, 1, 1], "rotation": 90, "texture": "#3"},
				"south": {"uv": [0, 0, 1, 1], "rotation": 90, "texture": "#3"},
				"west": {"uv": [0, 0, 1, 1], "rotation": 90, "texture": "#3"},
				"up": {"uv": [0, 0, 1, 1], "rotation": 90, "texture": "#3"},
				"down": {"uv": [0, 0, 1, 1], "rotation": 90, "texture": "#3"}
			}
		},
		{
			"from": [7.16646, 6.7249, 0.81375],
			"to": [12.16646, 7.9749, 2.06375],
			"rotation": {"angle": -45, "axis": "z", "origin": [9.66646, 11.7249, 1.47645]},
			"faces": {
				"north": {"uv": [0, 0, 1, 1], "rotation": 90, "texture": "#3"},
				"east": {"uv": [0, 0, 1, 1], "rotation": 90, "texture": "#3"},
				"south": {"uv": [0, 0, 1, 1], "rotation": 90, "texture": "#3"},
				"west": {"uv": [0, 0, 1, 1], "rotation": 90, "texture": "#3"},
				"up": {"uv": [0, 0, 1, 1], "rotation": 90, "texture": "#3"},
				"down": {"uv": [0, 0, 1, 1], "rotation": 90, "texture": "#3"}
			}
		},
		{
			"from": [8.7018, -0.49793, 0.815],
			"to": [9.94371, 4.50207, 2.065],
			"rotation": {"angle": 0, "axis": "y", "origin": [0, 1.9375, 2.0625]},
			"faces": {
				"north": {"uv": [0, 0, 1, 1], "rotation": 180, "texture": "#3"},
				"east": {"uv": [0, 0, 1, 1], "rotation": 180, "texture": "#3"},
				"south": {"uv": [0, 0, 1, 1], "rotation": 180, "texture": "#3"},
				"west": {"uv": [0, 0, 1, 1], "rotation": 180, "texture": "#3"},
				"up": {"uv": [0, 0, 1, 1], "rotation": 180, "texture": "#3"},
				"down": {"uv": [0, 0, 1, 1], "rotation": 180, "texture": "#3"}
			}
		},
		{
			"from": [10.7033, -2.5052, 0.81375],
			"to": [15.7033, -1.2552, 2.06375],
			"rotation": {"angle": 45, "axis": "z", "origin": [13.2033, -11.2552, 1.4375]},
			"faces": {
				"north": {"uv": [0, 0, 1, 1], "rotation": 270, "texture": "#3"},
				"east": {"uv": [0, 0, 1, 1], "rotation": 270, "texture": "#3"},
				"south": {"uv": [0, 0, 1, 1], "rotation": 270, "texture": "#3"},
				"west": {"uv": [0, 0, 1, 1], "rotation": 270, "texture": "#3"},
				"up": {"uv": [0, 0, 1, 1], "rotation": 270, "texture": "#3"},
				"down": {"uv": [0, 0, 1, 1], "rotation": 270, "texture": "#3"}
			}
		},
		{
			"name": "boss",
			"from": [-1.875, 0.0625, 2.0625],
			"to": [1.875, 3.8125, 2.375],
			"rotation": {"angle": 0, "axis": "y", "origin": [0, 1.9375, 2.0625]},
			"faces": {
				"north": {"uv": [9.5, 9.5, 11.5, 11.5], "texture": "#3"},
				"east": {"uv": [11, 9.5, 11.5, 11.5], "texture": "#3"},
				"south": {"uv": [9.5, 9.5, 11.5, 11.5], "texture": "#3"},
				"west": {"uv": [9.5, 9.5, 10, 11.5], "texture": "#3"},
				"up": {"uv": [9.5, 9.5, 11.5, 10], "texture": "#3"},
				"down": {"uv": [9.5, 11, 11.5, 11.5], "texture": "#3"}
			}
		},
		{
			"name": "boss",
			"from": [-0.9375, -0.96875, -5.0625],
			"to": [0.9375, 4.96875, 0.875],
			"rotation": {"angle": 0, "axis": "y", "origin": [0, 1.9375, 2.0625]},
			"faces": {
				"north": {"uv": [15, 0, 16, 3], "texture": "#1"},
				"east": {"uv": [12, 0, 15, 3], "texture": "#1"},
				"south": {"uv": [15, 0, 16, 3], "texture": "#1"},
				"west": {"uv": [12, 0, 15, 3], "texture": "#1"},
				"up": {"uv": [15, 0, 16, 3], "texture": "#1"},
				"down": {"uv": [15, 0, 16, 3], "texture": "#1"}
			}
		}
	],
	"display": {
		"thirdperson_righthand": {
			"rotation": [0, 90, 0],
			"translation": [10.15, 4, -4]
		},
		"thirdperson_lefthand": {
			"rotation": [0, 90, 0],
			"translation": [10, 4, 12]
		},
		"firstperson_righthand": {
			"rotation": [0, 180, 5],
			"translation": [-10, 1, -10],
			"scale": [1.25, 1.25, 1.25]
		},
		"firstperson_lefthand": {
			"rotation": [0, 180, 5],
			"translation": [10, -1, -10],
			"scale": [1.25, 1.25, 1.25]
		},
		"ground": {
			"translation": [4, 4, 2],
			"scale": [0.25, 0.25, 0.25]
		},
		"gui": {
			"rotation": [15, -25, -5],
			"translation": [2, 2, 0],
			"scale": [0.65, 0.65, 0.65]
		},
		"fixed": {
			"rotation": [0, 180, 0],
			"translation": [-12.9, 9.5, -15],
			"scale": [1.6, 1.6, 2.29922]
		}
	},
	"groups": [0, 1,
		{
			"name": "Border",
			"origin": [8, 8, 8],
			"children": [2, 3, 4, 5, 6, 7, 8, 9, 10, 11, 12, 13, 14, 15, 16, 17]
		}, 18, 19]
}