{
    "providers": [
        {
            "type": "bitmap",
            "file": "minecraft:font/title_screen1.png",
            "height": 200,
            "ascent": 115,
			"shift": [100.0 , 100.0],
            "chars": [
                "\u2299"
            ]
        },
		{
            "type": "bitmap",
            "file": "minecraft:font/title_screen2.png",
            "height": 200,
            "ascent": 115,
            "chars": [
                "\u2297"
            ]
        },
		{
            "type": "bitmap",
            "file": "minecraft:font/title_screen3.png",
            "height": 300,
            "ascent": 50,
            "chars": [
                "\u229E"
            ]
        },
		{
            "type": "bitmap",
            "file": "minecraft:font/title_screen4.png",
            "height": 200,
            "ascent": 115,
            "chars": [
                "\u22DB"
            ]
        },
		{
            "type": "bitmap",
            "file": "minecraft:font/finished.png",
            "height": 16,
            "ascent": 16,
            "chars": [
                "\u2A16"
            ]
        },
		{
            "type": "bitmap",
            "file": "minecraft:font/unfinished.png",
            "height": 16,
            "ascent": 16,
            "chars": [
                "\u2A17"
            ]
        },
		{
            "type": "bitmap",
            "file": "minecraft:font/spacing.png",
            "height": 16,
            "ascent": 16,
            "chars": [
                "\u2A18"
            ]
        },
		{
            "type": "bitmap",
            "file": "minecraft:font/cube1.png",
            "height": 16,
            "ascent": 16,
            "chars": [
                "\u2A10"
            ]
        },
		{
            "type": "bitmap",
            "file": "minecraft:font/cube2.png",
            "height": 16,
            "ascent": 16,
            "chars": [
                "\u2A11"
            ]
        },
		{
            "type": "bitmap",
            "file": "minecraft:font/cube3.png",
            "height": 16,
            "ascent": 16,
            "chars": [
                "\u2A12"
            ]
        },
		{
            "type": "bitmap",
            "file": "minecraft:font/cube4.png",
            "height": 16,
            "ascent": 16,
            "chars": [
                "\u2A13"
            ]
        },
		{
            "type": "bitmap",
            "file": "minecraft:font/cube5.png",
            "height": 16,
            "ascent": 16,
            "chars": [
                "\u2A14"
            ]
        },
		{
            "type": "bitmap",
            "file": "minecraft:font/cube6.png",
            "height": 16,
            "ascent": 16,
            "chars": [
                "\u2A15"
            ]
        }
    ]
}