{
    "variants": {
        "facing=east": [
			{ "model": "block/grass_sidec1", "y": 90 },
			{ "model": "block/grass_sidec2", "y": 90 },
			{ "model": "block/grass_sidec3", "y": 90 },
			{ "model": "block/grass_sidec4", "y": 90 },
			{ "model": "block/grass_sidec5", "y": 90 },
			{ "model": "block/grass_sidec6", "y": 90 },
			{ "model": "block/grass_sidec7", "y": 90 },
			{ "model": "block/grass_sidec8", "y": 90 },
			{ "model": "block/grass_sidec9", "y": 90 },
			{ "model": "block/grass_sidec10", "y": 90 },
			{ "model": "block/grass_sidec11", "y": 90 },
			{ "model": "block/grass_sidec12", "y": 90 },
			{ "model": "block/grass_sidec13", "y": 90 },
			{ "model": "block/grass_sidec14", "y": 90 },
			{ "model": "block/grass_sidec15", "y": 90 },
			{ "model": "block/grass_sidec16", "y": 90 },
			{ "model": "block/grass_sidec17", "y": 90 },
			{ "model": "block/grass_sidec18", "y": 90 },
			{ "model": "block/grass_sidec19", "y": 90 },
			{ "model": "block/grass_sidec20", "y": 90 }
		],
        "facing=south": [
			{ "model": "block/grass_sidec1", "y": 180 },
			{ "model": "block/grass_sidec2", "y": 180 },
			{ "model": "block/grass_sidec3", "y": 180 },
			{ "model": "block/grass_sidec4", "y": 180 },
			{ "model": "block/grass_sidec5", "y": 180 },
			{ "model": "block/grass_sidec6", "y": 180 },
			{ "model": "block/grass_sidec7", "y": 180 },
			{ "model": "block/grass_sidec8", "y": 180 },
			{ "model": "block/grass_sidec9", "y": 180 },
			{ "model": "block/grass_sidec10", "y": 180 },
			{ "model": "block/grass_sidec11", "y": 180 },
			{ "model": "block/grass_sidec12", "y": 180 },
			{ "model": "block/grass_sidec13", "y": 180 },
			{ "model": "block/grass_sidec14", "y": 180 },
			{ "model": "block/grass_sidec15", "y": 180 },
			{ "model": "block/grass_sidec16", "y": 180 },
			{ "model": "block/grass_sidec17", "y": 180 },
			{ "model": "block/grass_sidec18", "y": 180 },
			{ "model": "block/grass_sidec19", "y": 180 },
			{ "model": "block/grass_sidec20", "y": 180 }
		],
        "facing=west": [
			{ "model": "block/grass_sidec1", "y": 270 },
			{ "model": "block/grass_sidec2", "y": 270 },
			{ "model": "block/grass_sidec3", "y": 270 },
			{ "model": "block/grass_sidec4", "y": 270 },
			{ "model": "block/grass_sidec5", "y": 270 },
			{ "model": "block/grass_sidec6", "y": 270 },
			{ "model": "block/grass_sidec7", "y": 270 },
			{ "model": "block/grass_sidec8", "y": 270 },
			{ "model": "block/grass_sidec9", "y": 270 },
			{ "model": "block/grass_sidec10", "y": 270 },
			{ "model": "block/grass_sidec11", "y": 270 },
			{ "model": "block/grass_sidec12", "y": 270 },
			{ "model": "block/grass_sidec13", "y": 270 },
			{ "model": "block/grass_sidec14", "y": 270 },
			{ "model": "block/grass_sidec15", "y": 270 },
			{ "model": "block/grass_sidec16", "y": 270 },
			{ "model": "block/grass_sidec17", "y": 270 },
			{ "model": "block/grass_sidec18", "y": 270 },
			{ "model": "block/grass_sidec19", "y": 270 },
			{ "model": "block/grass_sidec20", "y": 270 }
		],
        "facing=north": [
			{ "model": "block/grass_sidec1", "y": 0 },
			{ "model": "block/grass_sidec2", "y": 0 },
			{ "model": "block/grass_sidec3", "y": 0 },
			{ "model": "block/grass_sidec4", "y": 0 },
			{ "model": "block/grass_sidec5", "y": 0 },
			{ "model": "block/grass_sidec6", "y": 0 },
			{ "model": "block/grass_sidec7", "y": 0 },
			{ "model": "block/grass_sidec8", "y": 0 },
			{ "model": "block/grass_sidec9", "y": 0 },
			{ "model": "block/grass_sidec10", "y": 0 },
			{ "model": "block/grass_sidec11", "y": 0 },
			{ "model": "block/grass_sidec12", "y": 0 },
			{ "model": "block/grass_sidec13", "y": 0 },
			{ "model": "block/grass_sidec14", "y": 0 },
			{ "model": "block/grass_sidec15", "y": 0 },
			{ "model": "block/grass_sidec16", "y": 0 },
			{ "model": "block/grass_sidec17", "y": 0 },
			{ "model": "block/grass_sidec18", "y": 0 },
			{ "model": "block/grass_sidec19", "y": 0 },
			{ "model": "block/grass_sidec20", "y": 0 }
		]
    }
}
