{
    "variants": {
        "facing=east": [
			{ "model": "block/grass_side1", "y": 90 },
			{ "model": "block/grass_side2", "y": 90 },
			{ "model": "block/grass_side3", "y": 90 },
			{ "model": "block/grass_side4", "y": 90 },
			{ "model": "block/grass_side5", "y": 90 },
			{ "model": "block/grass_side6", "y": 90 },
			{ "model": "block/grass_side7", "y": 90 },
			{ "model": "block/grass_side8", "y": 90 },
			{ "model": "block/grass_side9", "y": 90 },
			{ "model": "block/grass_side10", "y": 90 },
			{ "model": "block/grass_side11", "y": 90 },
			{ "model": "block/grass_side12", "y": 90 },
			{ "model": "block/grass_side13", "y": 90 },
			{ "model": "block/grass_side14", "y": 90 },
			{ "model": "block/grass_side15", "y": 90 },
			{ "model": "block/grass_side16", "y": 90 },
			{ "model": "block/grass_side17", "y": 90 },
			{ "model": "block/grass_side18", "y": 90 },
			{ "model": "block/grass_side19", "y": 90 },
			{ "model": "block/grass_side20", "y": 90 }
		],
        "facing=south": [
			{ "model": "block/grass_side1", "y": 180 },
			{ "model": "block/grass_side2", "y": 180 },
			{ "model": "block/grass_side3", "y": 180 },
			{ "model": "block/grass_side4", "y": 180 },
			{ "model": "block/grass_side5", "y": 180 },
			{ "model": "block/grass_side6", "y": 180 },
			{ "model": "block/grass_side7", "y": 180 },
			{ "model": "block/grass_side8", "y": 180 },
			{ "model": "block/grass_side9", "y": 180 },
			{ "model": "block/grass_side10", "y": 180 },
			{ "model": "block/grass_side11", "y": 180 },
			{ "model": "block/grass_side12", "y": 180 },
			{ "model": "block/grass_side13", "y": 180 },
			{ "model": "block/grass_side14", "y": 180 },
			{ "model": "block/grass_side15", "y": 180 },
			{ "model": "block/grass_side16", "y": 180 },
			{ "model": "block/grass_side17", "y": 180 },
			{ "model": "block/grass_side18", "y": 180 },
			{ "model": "block/grass_side19", "y": 180 },
			{ "model": "block/grass_side20", "y": 180 }
		],
        "facing=west": [
			{ "model": "block/grass_side1", "y": 270 },
			{ "model": "block/grass_side2", "y": 270 },
			{ "model": "block/grass_side3", "y": 270 },
			{ "model": "block/grass_side4", "y": 270 },
			{ "model": "block/grass_side5", "y": 270 },
			{ "model": "block/grass_side6", "y": 270 },
			{ "model": "block/grass_side7", "y": 270 },
			{ "model": "block/grass_side8", "y": 270 },
			{ "model": "block/grass_side9", "y": 270 },
			{ "model": "block/grass_side10", "y": 270 },
			{ "model": "block/grass_side11", "y": 270 },
			{ "model": "block/grass_side12", "y": 270 },
			{ "model": "block/grass_side13", "y": 270 },
			{ "model": "block/grass_side14", "y": 270 },
			{ "model": "block/grass_side15", "y": 270 },
			{ "model": "block/grass_side16", "y": 270 },
			{ "model": "block/grass_side17", "y": 270 },
			{ "model": "block/grass_side18", "y": 270 },
			{ "model": "block/grass_side19", "y": 270 },
			{ "model": "block/grass_side20", "y": 270 }
		],
        "facing=north": [
			{ "model": "block/grass_side1", "y": 0 },
			{ "model": "block/grass_side2", "y": 0 },
			{ "model": "block/grass_side3", "y": 0 },
			{ "model": "block/grass_side4", "y": 0 },
			{ "model": "block/grass_side5", "y": 0 },
			{ "model": "block/grass_side6", "y": 0 },
			{ "model": "block/grass_side7", "y": 0 },
			{ "model": "block/grass_side8", "y": 0 },
			{ "model": "block/grass_side9", "y": 0 },
			{ "model": "block/grass_side10", "y": 0 },
			{ "model": "block/grass_side11", "y": 0 },
			{ "model": "block/grass_side12", "y": 0 },
			{ "model": "block/grass_side13", "y": 0 },
			{ "model": "block/grass_side14", "y": 0 },
			{ "model": "block/grass_side15", "y": 0 },
			{ "model": "block/grass_side16", "y": 0 },
			{ "model": "block/grass_side17", "y": 0 },
			{ "model": "block/grass_side18", "y": 0 },
			{ "model": "block/grass_side19", "y": 0 },
			{ "model": "block/grass_side20", "y": 0 }
		]
    }
}
