{
    "variants": {
        "facing=east": [
			{ "model": "block/grass_sideb1", "y": 90 },
			{ "model": "block/grass_sideb2", "y": 90 },
			{ "model": "block/grass_sideb3", "y": 90 },
			{ "model": "block/grass_sideb4", "y": 90 },
			{ "model": "block/grass_sideb5", "y": 90 },
			{ "model": "block/grass_sideb6", "y": 90 },
			{ "model": "block/grass_sideb7", "y": 90 },
			{ "model": "block/grass_sideb8", "y": 90 },
			{ "model": "block/grass_sideb9", "y": 90 },
			{ "model": "block/grass_sideb10", "y": 90 },
			{ "model": "block/grass_sideb11", "y": 90 },
			{ "model": "block/grass_sideb12", "y": 90 },
			{ "model": "block/grass_sideb13", "y": 90 },
			{ "model": "block/grass_sideb14", "y": 90 },
			{ "model": "block/grass_sideb15", "y": 90 },
			{ "model": "block/grass_sideb16", "y": 90 },
			{ "model": "block/grass_sideb17", "y": 90 },
			{ "model": "block/grass_sideb18", "y": 90 },
			{ "model": "block/grass_sideb19", "y": 90 },
			{ "model": "block/grass_sideb20", "y": 90 }
		],
        "facing=south": [
			{ "model": "block/grass_sideb1", "y": 180 },
			{ "model": "block/grass_sideb2", "y": 180 },
			{ "model": "block/grass_sideb3", "y": 180 },
			{ "model": "block/grass_sideb4", "y": 180 },
			{ "model": "block/grass_sideb5", "y": 180 },
			{ "model": "block/grass_sideb6", "y": 180 },
			{ "model": "block/grass_sideb7", "y": 180 },
			{ "model": "block/grass_sideb8", "y": 180 },
			{ "model": "block/grass_sideb9", "y": 180 },
			{ "model": "block/grass_sideb10", "y": 180 },
			{ "model": "block/grass_sideb11", "y": 180 },
			{ "model": "block/grass_sideb12", "y": 180 },
			{ "model": "block/grass_sideb13", "y": 180 },
			{ "model": "block/grass_sideb14", "y": 180 },
			{ "model": "block/grass_sideb15", "y": 180 },
			{ "model": "block/grass_sideb16", "y": 180 },
			{ "model": "block/grass_sideb17", "y": 180 },
			{ "model": "block/grass_sideb18", "y": 180 },
			{ "model": "block/grass_sideb19", "y": 180 },
			{ "model": "block/grass_sideb20", "y": 180 }
		],
        "facing=west": [
			{ "model": "block/grass_sideb1", "y": 270 },
			{ "model": "block/grass_sideb2", "y": 270 },
			{ "model": "block/grass_sideb3", "y": 270 },
			{ "model": "block/grass_sideb4", "y": 270 },
			{ "model": "block/grass_sideb5", "y": 270 },
			{ "model": "block/grass_sideb6", "y": 270 },
			{ "model": "block/grass_sideb7", "y": 270 },
			{ "model": "block/grass_sideb8", "y": 270 },
			{ "model": "block/grass_sideb9", "y": 270 },
			{ "model": "block/grass_sideb10", "y": 270 },
			{ "model": "block/grass_sideb11", "y": 270 },
			{ "model": "block/grass_sideb12", "y": 270 },
			{ "model": "block/grass_sideb13", "y": 270 },
			{ "model": "block/grass_sideb14", "y": 270 },
			{ "model": "block/grass_sideb15", "y": 270 },
			{ "model": "block/grass_sideb16", "y": 270 },
			{ "model": "block/grass_sideb17", "y": 270 },
			{ "model": "block/grass_sideb18", "y": 270 },
			{ "model": "block/grass_sideb19", "y": 270 },
			{ "model": "block/grass_sideb20", "y": 270 }
		],
        "facing=north": [
			{ "model": "block/grass_sideb1", "y": 0 },
			{ "model": "block/grass_sideb2", "y": 0 },
			{ "model": "block/grass_sideb3", "y": 0 },
			{ "model": "block/grass_sideb4", "y": 0 },
			{ "model": "block/grass_sideb5", "y": 0 },
			{ "model": "block/grass_sideb6", "y": 0 },
			{ "model": "block/grass_sideb7", "y": 0 },
			{ "model": "block/grass_sideb8", "y": 0 },
			{ "model": "block/grass_sideb9", "y": 0 },
			{ "model": "block/grass_sideb10", "y": 0 },
			{ "model": "block/grass_sideb11", "y": 0 },
			{ "model": "block/grass_sideb12", "y": 0 },
			{ "model": "block/grass_sideb13", "y": 0 },
			{ "model": "block/grass_sideb14", "y": 0 },
			{ "model": "block/grass_sideb15", "y": 0 },
			{ "model": "block/grass_sideb16", "y": 0 },
			{ "model": "block/grass_sideb17", "y": 0 },
			{ "model": "block/grass_sideb18", "y": 0 },
			{ "model": "block/grass_sideb19", "y": 0 },
			{ "model": "block/grass_sideb20", "y": 0 }
		]
    }
}
