{
    "variants": {
        "": [
            { "model": "block/grass1", "weight": 10 },
			{ "model": "block/grass2", "weight": 5 },
			{ "model": "block/grass3", "weight": 5 },
			{ "model": "block/grass4", "weight": 5 },
			{ "model": "block/grass5", "weight": 10  },
			{ "model": "block/grass6", "weight": 10 },
			{ "model": "block/grass7", "weight": 10 },
			{ "model": "block/grass8", "weight": 10 },
			{ "model": "block/grass9" },
			{ "model": "block/grass10" },
			{ "model": "block/grass11", "weight": 2 },
			{ "model": "block/grass12", "weight": 2 },
			{ "model": "block/grass13" },
			{ "model": "block/grass14" },
			{ "model": "block/grass15" },
			{ "model": "block/grass16" },
			{ "model": "block/grass17" },
			{ "model": "block/grass18" },
			{ "model": "block/grass19" },
			{ "model": "block/grass20" }
        ]
    }
}
