{
    "variants": {
        "half=top,open=false": [
			{ "model": "block/blue_leaves1"},
			{ "model": "block/blue_leaves2"},
			{ "model": "block/blue_leaves3"}
		],
        "half=bottom,open=false": [
			{ "model": "block/cyan_leaves1"},
			{ "model": "block/cyan_leaves2"},
			{ "model": "block/cyan_leaves3"}
		],
        "facing=north,half=bottom,open=true": { "model": "block/iron_trapdoor_open" },
        "facing=south,half=bottom,open=true": { "model": "block/iron_trapdoor_open", "y": 180 },
        "facing=east,half=bottom,open=true": { "model": "block/iron_trapdoor_open", "y": 90 },
        "facing=west,half=bottom,open=true": { "model": "block/iron_trapdoor_open", "y": 270 },
        "facing=north,half=top,open=true": { "model": "block/iron_trapdoor_open" },
        "facing=south,half=top,open=true": { "model": "block/iron_trapdoor_open", "y": 180 },
        "facing=east,half=top,open=true": { "model": "block/iron_trapdoor_open", "y": 90 },
        "facing=west,half=top,open=true": { "model": "block/iron_trapdoor_open", "y": 270 }
    }
}
