{
  "parent": "item/generated",
  "textures": {
    "layer0": "evgeha-rp/elf_weapon_bowi"
  },
  "overrides": [
    {
      "predicate": {
        "custom_model_data": 215
      },
      "model": "item/custom/elf_weapon_bowi"
    },
	{
      "predicate": {
        "custom_model_data": 215,
		"pulling": 1
      },
      "model": "item/custom/elf_weapon_bowi_pulling_0"
    },
	{
      "predicate": {
        "custom_model_data": 215,
		"pulling": 1,
		"pull": 0.65
      },
      "model": "item/custom/elf_weapon_bowi_pulling_1"
    },
	{
      "predicate": {
        "custom_model_data": 215,
		"pulling": 1,
		"pull": 0.9
      },
      "model": "item/custom/elf_weapon_bowi_pulling_2"
    },
    {
      "predicate": {
        "custom_model_data": 216
      },
      "model": "item/custom/elf_weapon_bowii"
    },
	{
      "predicate": {
        "custom_model_data": 216,
		"pulling": 1
      },
      "model": "item/custom/elf_weapon_bowii_pulling_0"
    },
	{
      "predicate": {
        "custom_model_data": 216,
		"pulling": 1,
		"pull": 0.65
      },
      "model": "item/custom/elf_weapon_bowii_pulling_1"
    },
	{
      "predicate": {
        "custom_model_data": 216,
		"pulling": 1,
		"pull": 0.9
      },
      "model": "item/custom/elf_weapon_bowii_pulling_2"
    },
    {
      "predicate": {
        "custom_model_data": 217
      },
      "model": "item/custom/elf_weapon_bowiii"
    },
	{
      "predicate": {
        "custom_model_data": 217,
		"pulling": 1
      },
      "model": "item/custom/elf_weapon_bowiii_pulling_0"
    },
	{
      "predicate": {
        "custom_model_data": 217,
		"pulling": 1,
		"pull": 0.65
      },
      "model": "item/custom/elf_weapon_bowiii_pulling_1"
    },
	{
      "predicate": {
        "custom_model_data": 217,
		"pulling": 1,
		"pull": 0.9
      },
      "model": "item/custom/elf_weapon_bowiii_pulling_2"
    }
  ]
}	