{
  "parent": "item/handheld",
  "textures": {
    "layer0": "items/chainmail_boots"
  },
  "overrides": [
    {
      "predicate": {
        "custom_model_data": 132
      },
      "model": "item/custom/dvarf_elfarmortierii_boots"
    },
    {
      "predicate": {
        "custom_model_data": 136
      },
      "model": "item/custom/dvarf_elfarmortieriii_boots"
    },
    {
      "predicate": {
        "custom_model_data": 208
      },
      "model": "item/custom/elf_armortierii_boots"
    },
    {
      "predicate": {
        "custom_model_data": 212
      },
      "model": "item/custom/elf_armortieriii_boots"
    }
  ]
}