{
  "parent": "item/handheld",
  "textures": {
    "layer0": "items/chainmail_chestplate"
  },
  "overrides": [
    {
      "predicate": {
        "custom_model_data": 130
      },
      "model": "item/custom/dvarf_elfarmortierii_chestplate"
    },
    {
      "predicate": {
        "custom_model_data": 134
      },
      "model": "item/custom/dvarf_elfarmortieriii_chestplate"
    },
    {
      "predicate": {
        "custom_model_data": 206
      },
      "model": "item/custom/elf_armortierii_chestplate"
    },
    {
      "predicate": {
        "custom_model_data": 210
      },
      "model": "item/custom/elf_armortieriii_chestplate"
    }
  ]
}