{
  "parent": "item/handheld",
  "textures": {
    "layer0": "items/diamond_sword"
  },
  "overrides": [
    {
      "predicate": {
        "custom_model_data": 147
      },
      "model": "item/custom/dvarf_peopleweapon_doublesword"
    },
    {
      "predicate": {
        "custom_model_data": 313
      },
      "model": "item/custom/people_weapon_kingdoublesword"
    },
    {
      "predicate": {
        "custom_model_data": 314
      },
      "model": "item/custom/people_weapon_doublesword"
    }
  ]
}