{
  "parent": "item/handheld",
  "textures": {
    "layer0": "items/diamond_axe"
  },
  "overrides": [
    {
      "predicate": {
        "custom_model_data": 109
      },
      "model": "item/custom/dvarf_weapon_kingdoubleaxe"
    },
    {
      "predicate": {
        "custom_model_data": 110
      },
      "model": "item/custom/dvarf_weapon_doubleaxe"
    },
    {
      "predicate": {
        "custom_model_data": 122
      },
      "model": "item/custom/dvarf_toolstieri_axe"
    },
    {
      "predicate": {
        "custom_model_data": 126
      },
      "model": "item/custom/dvarf_toolstierii_axe"
    }
  ]
}