{
  "parent": "item/handheld",
  "textures": {
    "layer0": "items/iron_ingot"
  },
  "overrides": [
    {
      "predicate": {
        "custom_model_data": 321
      },
      "model": "item/custom/people_ingot_coldingot"
    },
    {
      "predicate": {
        "custom_model_data": 322
      },
      "model": "item/custom/people_ingot_clearcoldingot"
    },
    {
      "predicate": {
        "custom_model_data": 323
      },
      "model": "item/custom/people_ingot_ingot"
    },
    {
      "predicate": {
        "custom_model_data": 324
      },
      "model": "item/custom/people_ingot_clearingot"
    }
  ]
}