{
  "parent": "item/handheld",
  "textures": {
    "layer0": "items/iron_helmet"
  },
  "overrides": [
    {
      "predicate": {
        "custom_model_data": 137
      },
      "model": "item/custom/dvarf_peoplearmortierii_helmet"
    },
    {
      "predicate": {
        "custom_model_data": 141
      },
      "model": "item/custom/dvarf_peoplearmortieriii_helmet"
    },
    {
      "predicate": {
        "custom_model_data": 305
      },
      "model": "item/custom/people_armortierii_helmet"
    },
    {
      "predicate": {
        "custom_model_data": 309
      },
      "model": "item/custom/people_armortieriii_helmet"
    },
    {
      "predicate": {
        "custom_model_data": 501
      },
      "model": "item/custom/alfa_armortieriii_helmet"
    }
  ]
}