{
  "parent": "item/handheld",
  "textures": {
    "layer0": "items/leather"
  },
  "overrides": [
    {
      "predicate": {
        "custom_model_data": 325
      },
      "model": "item/custom/people_ingot_superleather"
    },
    {
      "predicate": {
        "custom_model_data": 326
      },
      "model": "item/custom/people_ingot_leather"
    },
    {
      "predicate": {
        "custom_model_data": 510
      },
      "model": "item/custom/dvarf_ingot_pigleather"
    }
  ]
}